date,sym,day_ret,price
2025-01-02,JDST,-0.09524,27.9301
2025-01-03,SMST,-0.26166,5.7
2025-01-03,TSLQ,-0.1554,25.3726
2025-01-03,PDYN,-0.14703,10.0309
2025-01-03,BOIL,-0.13075,49.33
2025-01-03,NVD,-0.08834,25.7425
2025-01-06,MNSO,-0.12534,24.1123
2025-01-06,BTDR,-0.11408,23.1225
2025-01-06,AAOI,-0.10264,34.01
2025-01-06,AISP,-0.09168,5.35
2025-01-06,POET,-0.08886,6.1502
2025-01-07,MSTU,-0.22098,9.8
2025-01-07,APOG,-0.19282,57.4116
2025-01-07,ETHU,-0.17424,7.7753
2025-01-07,PTIR,-0.15394,110.9497
2025-01-07,PDYN,-0.1395,8.235
2025-01-07,QMCO,-0.13473,44.89
2025-01-07,NVDX,-0.11733,15.2951
2025-01-07,UMAC,-0.11239,14.6101
2025-01-07,ALGS,-0.10872,40.66
2025-01-07,SG,-0.09273,31.7
2025-01-07,LUNR,-0.08968,19.8085
2025-01-07,GRAL,-0.08922,17.915
2025-01-07,ARQQ,-0.08808,35.565
2025-01-08,ATOM,-0.27351,11.7982
2025-01-08,AVXL,-0.16568,11.23
2025-01-08,WOLF,-0.15912,5.945
2025-01-08,SEDG,-0.14724,15.0
2025-01-08,MBLY,-0.14578,16.7
2025-01-08,KRUS,-0.12268,89.645
2025-01-08,FCEL,-0.11208,11.6051
2025-01-08,APOG,-0.10669,51.4522
2025-01-08,PONY,-0.10419,13.67
2025-01-08,KOLD,-0.09627,40.18
2025-01-08,MRNA,-0.08689,43.4
2025-01-10,GRRR,-0.29558,11.785
2025-01-10,STZ,-0.16957,182.0927
2025-01-10,RCAT,-0.14877,10.07
2025-01-10,SEPN,-0.14149,17.9
2025-01-10,PRAX,-0.14102,63.29
2025-01-10,ACHR,-0.14006,9.0122
2025-01-10,WOLF,-0.13944,5.0773
2025-01-10,KOLD,-0.136,34.75
2025-01-10,QMCO,-0.12345,27.5499
2025-01-10,QURE,-0.12122,13.9901
2025-01-10,ARQQ,-0.11621,21.75
2025-01-10,DNA,-0.11386,9.845
2025-01-10,OMER,-0.10415,8.86
2025-01-10,QUBT,-0.0999,8.92
2025-01-10,YINN,-0.08982,23.037
2025-01-10,NNOX,-0.08495,8.025
2025-01-13,RGTI,-0.32979,5.985
2025-01-13,QUBT,-0.26837,6.57
2025-01-13,DFNS,-0.20541,14.97
2025-01-13,WKEY,-0.20437,8.02
2025-01-13,GDS,-0.18355,21.84
2025-01-13,IONQ,-0.14986,27.485
2025-01-13,DXYZ,-0.13826,48.645
2025-01-13,INSP,-0.13354,175.44
2025-01-13,VSAT,-0.12825,7.715
2025-01-13,ADMA,-0.10937,16.53
2025-01-13,BCAX,-0.10223,12.91
2025-01-14,XTIA,-0.14119,5.9
2025-01-14,CLMT,-0.1375,18.975
2025-01-14,ATOM,-0.13744,9.1
2025-01-14,ALGS,-0.13162,29.82
2025-01-14,CDNA,-0.11996,22.0625
2025-01-14,MDGL,-0.0934,275.34
2025-01-14,ALT,-0.08186,6.225
2025-01-15,TSLQ,-0.15869,22.5898
2025-01-15,UVXY,-0.1144,19.306
2025-01-15,EVH,-0.10331,10.025
2025-01-15,KOLD,-0.08884,30.87
2025-01-15,FNGD,-0.08241,13.25
2025-01-16,ATOM,-0.23456,8.55
2025-01-16,KOLD,-0.09387,28.09
2025-01-16,JANX,-0.08127,40.36
2025-01-17,DOGZ,-0.58774,18.23
2025-01-17,PDYN,-0.16612,7.63
2025-01-17,QMCO,-0.15373,32.6406
2025-01-17,SEZL,-0.14286,225.0
2025-01-17,RGTI,-0.1201,9.8901
2025-01-17,GRRR,-0.10208,13.37
2025-01-17,JKS,-0.1002,21.1825
2025-01-17,KRUS,-0.08831,73.865
2025-01-21,STNG,-0.08946,48.0931
2025-01-21,UVIX,-0.08385,27.851
2025-01-22,BTCT,-0.21566,6.11
2025-01-22,GDS,-0.12492,20.0
2025-01-22,KOLD,-0.09125,31.17
2025-01-22,XTIA,-0.08961,5.08
2025-01-22,RUN,-0.08623,8.425
2025-01-23,RGTIW,-0.08592,5.585
2025-01-24,LTBR,-0.23671,7.755
2025-01-24,ERIC,-0.14267,7.6293
2025-01-24,MSTU,-0.10249,10.4649
2025-01-24,FTAI,-0.08754,92.615
2025-01-27,SEI,-0.29603,24.626
2025-01-27,FIX,-0.25043,407.888
2025-01-27,SITM,-0.24886,185.99
2025-01-27,CIEN,-0.21911,75.45
2025-01-27,ATOM,-0.21014,8.72
2025-01-27,AAOI,-0.20316,24.455
2025-01-27,TAC,-0.20244,10.741
2025-01-27,VG,-0.19949,19.2113
2025-01-27,MXL,-0.18597,18.861
2025-01-27,VICR,-0.18019,46.975
2025-01-27,ALGS,-0.15741,25.64
2025-01-27,CAMT,-0.15613,85.02
2025-01-27,NXE,-0.15539,6.115
2025-01-27,CENX,-0.13722,16.945
2025-01-27,VSAT,-0.11478,10.18
2025-01-27,HSAI,-0.09419,14.04
2025-01-27,PDX,-0.08149,24.9704
2025-01-28,NVD,-0.15738,28.878
2025-01-28,BOIL,-0.09557,52.855
2025-01-29,JG,-0.22124,8.8
2025-01-29,DWTX,-0.20518,11.97
2025-01-29,RNAZ,-0.15694,8.38
2025-01-29,MRNA,-0.08244,41.235
2025-01-31,DECK,-0.19887,178.74
2025-01-31,BYRN,-0.10621,27.4303
2025-01-31,COUR,-0.08215,7.765
2025-01-31,NVDX,-0.08046,10.3
2025-02-03,ALGS,-0.11789,22.7584
2025-02-03,NXH,-0.1146,7.34
2025-02-03,CRNC,-0.08909,11.35
2025-02-03,BBIO,-0.08579,31.275
2025-02-03,JBLU,-0.08055,6.05
2025-02-04,PINC,-0.15349,18.9538
2025-02-04,NVNI,-0.14562,5.75
2025-02-05,HSAI,-0.10835,13.99
2025-02-05,EOSE,-0.09933,5.35
2025-02-05,TSLR,-0.08302,36.12
2025-02-05,KOLD,-0.08128,32.1
2025-02-06,TNXP,-0.251,11.22
2025-02-06,SITM,-0.20001,178.39
2025-02-06,HII,-0.17986,160.4026
2025-02-06,RXRX,-0.0928,7.185
2025-02-06,NFE,-0.09242,12.57
2025-02-06,NEXT,-0.08081,7.905
2025-02-07,BILL,-0.34624,62.99
2025-02-07,TECX,-0.14319,36.5
2025-02-07,DWTX,-0.09788,10.654
2025-02-07,ETHT,-0.09652,11.3303
2025-02-07,NAIL,-0.09642,79.9526
2025-02-07,QURE,-0.09192,14.72
2025-02-10,MANH,-0.11588,177.62
2025-02-10,CBRL,-0.08443,52.6434
2025-02-10,YANG,-0.08014,50.859
2025-02-11,TSLL,-0.14169,17.0481
2025-02-11,LMND,-0.13737,32.59
2025-02-11,SERV,-0.11564,18.66
2025-02-11,CRNC,-0.10909,14.7
2025-02-11,RCAT,-0.10651,9.605
2025-02-11,ALAB,-0.10648,92.2917
2025-02-11,ENVX,-0.10348,10.57
2025-02-11,RGTI,-0.10081,11.105
2025-02-11,SOUN,-0.09779,13.8309
2025-02-11,CONL,-0.0937,38.4
2025-02-11,DNA,-0.09172,12.28
2025-02-11,SG,-0.09089,26.355
2025-02-11,ASTS,-0.08767,28.41
2025-02-11,MSTU,-0.08682,8.3099
2025-02-11,AI,-0.08293,32.18
2025-02-12,ECG,-0.1827,55.92
2025-02-12,BL,-0.18155,51.89
2025-02-12,GSAT,-0.12453,21.3001
2025-02-12,NXH,-0.08423,8.48
2025-02-13,PEGA,-0.1956,85.3404
2025-02-13,TNET,-0.14249,79.0052
2025-02-13,CLBT,-0.12982,21.685
2025-02-13,SMWB,-0.10278,10.65
2025-02-14,QNTM,-0.15869,8.96
2025-02-14,GDDY,-0.14463,181.8
2025-02-14,HL,-0.142,5.4651
2025-02-14,CALM,-0.12115,95.4385
2025-02-14,DWTX,-0.11177,5.96
2025-02-14,TROX,-0.10341,7.8453
2025-02-14,LTBR,-0.10145,13.649
2025-02-14,UEC,-0.08381,6.395
2025-02-18,CYN,-0.37771,8.625
2025-02-18,DFIN,-0.25588,49.0
2025-02-18,APPS,-0.18336,5.055
2025-02-18,DFTX,-0.15268,8.38
2025-02-18,SERV,-0.15126,11.755
2025-02-18,KOLD,-0.13157,22.97
2025-02-18,EDR,-0.12934,30.6199
2025-02-18,TECX,-0.123,31.195
2025-02-18,AIFF,-0.09989,8.11
2025-02-18,BTDR,-0.09,15.015
2025-02-18,SG,-0.08992,24.745
2025-02-18,TDOC,-0.08479,13.115
2025-02-19,BMBL,-0.29765,5.689
2025-02-19,PRG,-0.27789,30.8274
2025-02-19,PLTU,-0.25546,51.0101
2025-02-19,GCL,-0.18,6.15
2025-02-19,GLBE,-0.17658,50.97
2025-02-19,CYN,-0.16169,7.4442
2025-02-19,AXON,-0.14891,604.285
2025-02-19,KOLD,-0.14586,19.705
2025-02-19,CAVA,-0.11372,118.15
2025-02-19,OKLO,-0.10859,44.74
2025-02-19,AISP,-0.10455,5.31
2025-02-19,RNAZ,-0.09486,9.685
2025-02-19,IESC,-0.09076,205.1701
2025-02-19,KRUS,-0.08574,76.615
2025-02-19,RDW,-0.08439,21.59
2025-02-20,TRUP,-0.2781,34.2975
2025-02-20,TFII,-0.20082,101.9819
2025-02-20,WRD,-0.17642,28.01
2025-02-20,INDV,-0.17369,9.015
2025-02-20,DNA,-0.10647,11.33
2025-02-20,WING,-0.08157,243.3995
2025-02-21,REBN,-0.29646,5.1499
2025-02-21,GLOB,-0.27202,153.0
2025-02-21,AKAM,-0.21177,77.27
2025-02-21,GKOS,-0.20037,125.83
2025-02-21,DOMH,-0.1776,8.1497
2025-02-21,CONL,-0.16259,29.1
2025-02-21,NBIS,-0.14011,39.77
2025-02-21,MSTU,-0.11961,7.3601
2025-02-21,SHAK,-0.11387,109.535
2025-02-21,RXRX,-0.11058,9.2055
2025-02-21,AMSC,-0.10718,25.74
2025-02-21,TEM,-0.10714,68.5
2025-02-21,TSLR,-0.10698,28.13
2025-02-21,NXH,-0.10594,7.68
2025-02-21,GHRS,-0.105,12.53
2025-02-21,CDE,-0.10487,5.46
2025-02-21,RSI,-0.10415,13.805
2025-02-21,FTAI,-0.10345,128.9444
2025-02-21,AUR,-0.10289,7.455
2025-02-21,ARDX,-0.10052,5.145
2025-02-21,PTIR,-0.09877,208.708
2025-02-21,RDW,-0.09875,18.025
2025-02-21,ACHR,-0.09774,9.1399
2025-02-21,OUST,-0.09594,8.905
2025-02-21,DWTX,-0.09524,5.32
2025-02-21,UPST,-0.09494,71.69
2025-02-21,CIFR,-0.09375,5.51
2025-02-21,RIOT,-0.09346,10.5159
2025-02-21,ULCC,-0.09233,7.9149
2025-02-21,CVNA,-0.09104,225.15
2025-02-21,DUOL,-0.08694,385.11
2025-02-21,LB,-0.08686,66.1098
2025-02-21,CAVA,-0.08449,108.58
2025-02-21,ETHT,-0.08444,11.4997
2025-02-21,ASTS,-0.08441,28.96
2025-02-21,LTBR,-0.0826,11.44
2025-02-21,BKSY,-0.08192,16.81
2025-02-24,PTIR,-0.21863,164.0526
2025-02-24,BABX,-0.20444,35.1
2025-02-24,GRRR,-0.17881,24.8
2025-02-24,RNAZ,-0.17523,6.66
2025-02-24,UMAC,-0.17123,8.47
2025-02-24,CYN,-0.13789,6.69
2025-02-24,QMCO,-0.12995,13.19
2025-02-24,QURE,-0.09961,11.561
2025-02-24,PDD,-0.09769,118.51
2025-02-24,LAZR,-0.0918,5.59
2025-02-24,ACMR,-0.09178,23.65
2025-02-25,BTDR,-0.29466,9.24
2025-02-25,SMCL,-0.24604,25.8
2025-02-25,TSLT,-0.19237,19.157
2025-02-25,CIVI,-0.17618,40.6164
2025-02-25,KTB,-0.14998,73.2424
2025-02-25,CELH,-0.14472,26.83
2025-02-25,CYN,-0.10355,6.06
2025-02-25,MXL,-0.08476,14.415
2025-02-26,AAP,-0.18253,37.5038
2025-02-26,DNUT,-0.15936,5.9932
2025-02-26,ZETA,-0.14951,17.52
2025-02-26,ARHS,-0.10925,10.6039
2025-02-26,PARR,-0.1092,13.745
2025-02-26,AIFF,-0.09998,5.3101
2025-02-26,CAPR,-0.08386,14.475
2025-02-27,TNDM,-0.35517,21.66
2025-02-27,SMCL,-0.33173,21.071
2025-02-27,UMAC,-0.23756,6.74
2025-02-27,AAON,-0.21782,79.799
2025-02-27,FTDR,-0.18664,46.5
2025-02-27,INOD,-0.17025,53.245
2025-02-27,ARHS,-0.16523,9.1444
2025-02-27,MSTX,-0.16272,21.225
2025-02-27,SOXL,-0.15785,22.1429
2025-02-27,KYMR,-0.14437,30.255
2025-02-27,CRDO,-0.13232,53.18
2025-02-27,RGTI,-0.13093,8.065
2025-02-27,TSMX,-0.12337,23.6477
2025-02-27,CEVA,-0.12149,33.77
2025-02-27,VIR,-0.11902,8.105
2025-02-27,NVCR,-0.11817,19.365
2025-02-27,QMCO,-0.11609,12.03
2025-02-27,NRIX,-0.11547,15.09
2025-02-27,BBAI,-0.10984,5.065
2025-02-27,TEM,-0.10681,55.61
2025-02-27,NBIS,-0.10395,32.24
2025-02-27,BULZ,-0.10354,136.7598
2025-02-27,GDXU,-0.10234,39.21
2025-02-27,SEZL,-0.09992,275.6207
2025-02-27,SMTC,-0.09491,35.19
2025-02-27,FN,-0.08963,196.02
2025-02-27,MOD,-0.08896,79.27
2025-02-27,AMDL,-0.08786,5.035
2025-02-27,CAVA,-0.0861,90.44
2025-02-27,ETHT,-0.08206,8.2613
2025-02-28,DV,-0.36723,13.75
2025-02-28,DNLI,-0.1129,16.5
2025-02-28,CSIQ,-0.10098,10.06
2025-02-28,FA,-0.08823,14.83
2025-03-03,SMCX,-0.26835,39.4528
2025-03-03,AAOI,-0.19854,17.52
2025-03-03,QURE,-0.18023,10.78
2025-03-03,GDS,-0.17227,31.495
2025-03-03,UMAC,-0.17097,5.9524
2025-03-03,RUN,-0.16483,6.055
2025-03-03,DOMH,-0.1614,6.5401
2025-03-03,RILY,-0.16132,5.355
2025-03-03,TSSI,-0.15794,9.17
2025-03-03,SEDG,-0.15283,13.9699
2025-03-03,KOLD,-0.15239,20.19
2025-03-03,AVGX,-0.13966,18.7847
2025-03-03,CADL,-0.13872,7.73
2025-03-03,ANAB,-0.13613,14.5275
2025-03-03,APLD,-0.13501,6.9199
2025-03-03,NBIS,-0.13453,28.119
2025-03-03,RDW,-0.13422,12.095
2025-03-03,ACHR,-0.13062,7.7201
2025-03-03,ORGO,-0.12641,5.425
2025-03-03,CAPR,-0.12614,13.44
2025-03-03,SPHR,-0.12503,38.175
2025-03-03,BKSY,-0.12336,12.685
2025-03-03,RXRX,-0.11784,6.625
2025-03-03,IMVT,-0.11723,18.185
2025-03-03,AMSC,-0.11713,20.05
2025-03-03,QUBT,-0.11624,5.36
2025-03-03,WOLF,-0.11571,5.1112
2025-03-03,OKLO,-0.11486,29.5549
2025-03-03,VKTX,-0.11399,25.579
2025-03-03,JTAI,-0.11369,6.2751
2025-03-03,PGY,-0.11263,11.385
2025-03-03,HSAI,-0.11251,15.895
2025-03-03,LABU,-0.11134,73.1534
2025-03-03,HIMS,-0.11045,40.11
2025-03-03,PRAX,-0.10907,34.39
2025-03-03,SYRE,-0.10812,17.57
2025-03-03,VRT,-0.10772,84.919
2025-03-03,AIOT,-0.10709,6.295
2025-03-03,FTDR,-0.1051,40.7
2025-03-03,RCAT,-0.10403,5.555
2025-03-03,BULZ,-0.10287,128.1804
2025-03-03,ALT,-0.10226,5.97
2025-03-03,CRNC,-0.10123,10.255
2025-03-03,ETHT,-0.09696,7.2597
2025-03-03,EH,-0.09669,20.74
2025-03-03,DFTX,-0.09449,6.085
2025-03-03,PI,-0.09373,87.6
2025-03-03,ENVX,-0.09137,8.105
2025-03-03,BLMN,-0.09013,8.5343
2025-03-03,GPGI,-0.09002,12.14
2025-03-03,REAL,-0.08871,6.215
2025-03-03,AOSL,-0.08587,27.68
2025-03-03,CORZ,-0.08557,10.205
2025-03-03,MBLY,-0.08503,14.42
2025-03-03,RUM,-0.08476,8.53
2025-03-03,DNLI,-0.08454,15.16
2025-03-03,ELF,-0.08399,64.35
2025-03-03,CIVI,-0.08338,35.1467
2025-03-03,DXYZ,-0.0824,37.2547
2025-03-03,TVTX,-0.08201,19.645
2025-03-03,IREN,-0.08192,7.565
2025-03-03,SMMT,-0.08168,19.0
2025-03-03,U,-0.08073,23.5701
2025-03-05,GOGL,-0.16203,8.4304
2025-03-05,YANG,-0.15232,37.0392
2025-03-05,GDXD,-0.10667,8.71
2025-03-05,EBS,-0.08842,5.825
2025-03-05,SBIT,-0.08003,11.6102
2025-03-06,VG,-0.37155,8.9441
2025-03-06,MDB,-0.26387,194.435
2025-03-06,BKSY,-0.25227,9.87
2025-03-06,PTIR,-0.21732,126.9019
2025-03-06,APP,-0.17736,261.6
2025-03-06,HIMS,-0.16312,34.22
2025-03-06,AAOI,-0.13938,15.56
2025-03-06,CSAI,-0.13774,6.26
2025-03-06,GRAL,-0.13238,33.23
2025-03-06,CVNA,-0.12436,189.05
2025-03-06,SMTC,-0.11821,32.485
2025-03-06,VFC,-0.11718,20.7057
2025-03-06,HUT,-0.10724,13.32
2025-03-06,WRD,-0.10506,15.93
2025-03-06,CRK,-0.1046,16.95
2025-03-06,LTBR,-0.10382,9.15
2025-03-06,TLN,-0.10344,177.385
2025-03-06,CLS,-0.10313,81.57
2025-03-06,AFRM,-0.10213,52.66
2025-03-06,RSI,-0.10026,10.5
2025-03-06,COHR,-0.09285,65.17
2025-03-06,FBL,-0.09043,36.6477
2025-03-06,TSMX,-0.08637,21.7971
2025-03-06,DBRG,-0.08518,9.7998
2025-03-06,MXL,-0.08408,12.2
2025-03-06,MNDY,-0.08399,256.665
2025-03-06,MPWR,-0.0834,561.1365
2025-03-07,TNXP,-0.12372,12.82
2025-03-07,CYD,-0.11876,19.3578
2025-03-10,ROBN,-0.38828,9.8726
2025-03-10,TSLT,-0.31391,10.01
2025-03-10,LUNR,-0.23432,6.715
2025-03-10,PLTU,-0.22617,23.0914
2025-03-10,CSAI,-0.21407,5.25
2025-03-10,RDDT,-0.19197,108.26
2025-03-10,SITM,-0.14293,149.85
2025-03-10,GRRR,-0.13974,24.44
2025-03-10,BYRN,-0.13568,19.43
2025-03-10,FWRD,-0.12512,18.11
2025-03-10,PONY,-0.125,13.3
2025-03-10,CENX,-0.11141,16.59
2025-03-10,GPCR,-0.11141,20.1
2025-03-10,SAIL,-0.10544,19.725
2025-03-10,CARS,-0.10008,11.06
2025-03-10,NFE,-0.09878,8.895
2025-03-10,AMRC,-0.08927,10.1
2025-03-10,NTNX,-0.08323,64.55
2025-03-11,MSTZ,-0.1972,19.765
2025-03-11,GDXD,-0.10969,8.36
2025-03-11,JACK,-0.08266,34.3283
2025-03-11,AMTM,-0.08028,17.07
2025-03-12,UVIX,-0.10883,42.09
2025-03-12,PLTD,-0.08096,17.7807
2025-03-13,ROBN,-0.14517,9.8335
2025-03-13,SMCL,-0.14191,16.871
2025-03-13,CABO,-0.13617,237.32
2025-03-13,SPIR,-0.12891,8.92
2025-03-13,BLMN,-0.10455,8.2645
2025-03-13,SLDB,-0.09773,5.17
2025-03-13,EBS,-0.09675,5.555
2025-03-13,TTD,-0.09635,54.4
2025-03-13,OSCR,-0.09443,12.85
2025-03-13,CAVA,-0.09165,74.83
2025-03-13,HSAI,-0.08869,20.55
2025-03-13,CRSR,-0.08241,9.965
2025-03-13,TEAM,-0.08167,207.9475
2025-03-13,GRRR,-0.08107,25.675
2025-03-14,MSTZ,-0.23923,15.01
2025-03-14,UVIX,-0.15322,39.24
2025-03-17,UVIX,-0.08767,35.07
2025-03-18,SRPT,-0.26389,74.605
2025-03-18,SMCL,-0.18163,15.3685
2025-03-18,RDDT,-0.135,108.61
2025-03-18,RCAT,-0.11744,5.11
2025-03-18,NXH,-0.1053,5.064
2025-03-18,CVNA,-0.10295,167.3201
2025-03-18,BTDR,-0.09494,9.485
2025-03-18,CAPR,-0.09394,11.67
2025-03-18,INOD,-0.09319,41.65
2025-03-18,PTLO,-0.08296,12.215
2025-03-18,IONQ,-0.08263,22.87
2025-03-18,CORZ,-0.08219,8.04
2025-03-19,VNET,-0.10055,9.84
2025-03-20,LAZR,-0.1174,6.39
2025-03-20,SRPT,-0.08091,73.5
2025-03-21,CAPR,-0.09749,12.96
2025-03-21,TSLQ,-0.0893,53.8512
2025-03-24,TSLQ,-0.22933,40.8004
2025-03-24,UVXY,-0.09276,19.56
2025-03-25,CRVO,-0.18301,8.75
2025-03-25,CYD,-0.10383,17.1135
2025-03-25,RCUS,-0.08443,8.35
2025-03-26,APLD,-0.12298,6.525
2025-03-26,HIMS,-0.09422,33.55
2025-03-26,CRDO,-0.09353,44.58
2025-03-26,DLO,-0.09141,8.7907
2025-03-26,DJT,-0.08429,20.9423
2025-03-26,GRAL,-0.08173,28.65
2025-03-27,NFE,-0.15402,9.365
2025-03-27,SMCL,-0.10515,12.5995
2025-03-27,ADNT,-0.10404,13.52
2025-03-27,WVE,-0.1008,9.01
2025-03-27,CAPR,-0.09294,11.955
2025-03-28,MSTU,-0.19591,5.6688
2025-03-28,AIR,-0.16854,56.83
2025-03-28,ACON,-0.16749,11.73
2025-03-28,LULU,-0.15698,287.915
2025-03-28,PONY,-0.12894,8.85
2025-03-28,RDW,-0.107,8.805
2025-03-28,ARQQ,-0.09749,15.09
2025-03-28,ACMR,-0.09342,24.405
2025-03-28,AMZU,-0.0905,30.6748
2025-03-28,BE,-0.08413,20.14
2025-03-28,KOLD,-0.0836,20.17
2025-03-28,CLF,-0.08307,8.555
2025-03-31,GPCR,-0.11887,17.42
2025-03-31,TNXP,-0.10015,18.15
2025-03-31,LAZR,-0.09643,5.435
2025-03-31,ARVN,-0.08103,6.975
2025-04-01,CORT,-0.18337,93.275
2025-04-01,MLYS,-0.13665,13.71
2025-04-01,RCKT,-0.11769,5.885
2025-04-01,NRIX,-0.11742,10.485
2025-04-01,DNLI,-0.1107,12.09
2025-04-01,IMVT,-0.1103,15.205
2025-04-01,OCUL,-0.10641,6.55
2025-04-01,BBNX,-0.08211,11.235
2025-04-02,CSAI,-0.11404,5.05
2025-04-02,TSLQ,-0.098,38.2901
2025-04-02,LABD,-0.09636,9.4701
2025-04-03,DPST,-0.29812,61.9324
2025-04-03,VFC,-0.29077,11.6282
2025-04-03,FWRD,-0.28881,14.75
2025-04-03,WWW,-0.23012,11.2433
2025-04-03,VSH,-0.2123,12.5531
2025-04-03,GUSH,-0.21148,21.8616
2025-04-03,AVGX,-0.20665,12.3703
2025-04-03,AAPU,-0.20092,22.7595
2025-04-03,ARHS,-0.19783,7.0757
2025-04-03,SNDK,-0.1975,38.255
2025-04-03,ELF,-0.19723,54.5
2025-04-03,NFE,-0.1972,6.88
2025-04-03,PI,-0.19361,73.43
2025-04-03,UAA,-0.19318,5.325
2025-04-03,RXO,-0.19309,15.775
2025-04-03,SEI,-0.18917,18.5628
2025-04-03,FNKO,-0.18375,5.575
2025-04-03,BBY,-0.17983,62.1118
2025-04-03,MATV,-0.17321,5.2498
2025-04-03,LOGI,-0.16724,71.3488
2025-04-03,CLF,-0.16695,7.2725
2025-04-03,WFRD,-0.16639,45.227
2025-04-03,CGON,-0.16367,18.6
2025-04-03,AGQ,-0.1631,38.28
2025-04-03,DK,-0.16247,12.9732
2025-04-03,FOXF,-0.16084,20.87
2025-04-03,CRI,-0.16082,35.3498
2025-04-03,MGNI,-0.15986,9.67
2025-04-03,PVH,-0.15758,65.5599
2025-04-03,TROX,-0.15655,5.7951
2025-04-03,HP,-0.15476,22.636
2025-04-03,QRVO,-0.15088,61.68
2025-04-03,PBF,-0.14677,16.679
2025-04-03,TALO,-0.14592,8.165
2025-04-03,LEVI,-0.14321,14.3358
2025-04-03,SIMO,-0.14209,44.2754
2025-04-03,XPO,-0.13961,95.77
2025-04-03,NE,-0.13225,20.9713
2025-04-03,IPGP,-0.13185,55.11
2025-04-03,ODD,-0.13085,41.3801
2025-04-03,NGVT,-0.12671,34.53
2025-04-03,FCX,-0.12339,33.4895
2025-04-03,BBW,-0.11999,36.3174
2025-04-03,BEAM,-0.1158,16.34
2025-04-03,VG,-0.11048,8.8598
2025-04-03,P,-0.11041,40.93
2025-04-03,TREE,-0.10866,47.66
2025-04-03,WSC,-0.10787,25.863
2025-04-03,NVMI,-0.10348,171.845
2025-04-03,BTU,-0.10061,11.95
2025-04-03,FTRE,-0.10053,6.755
2025-04-03,TXG,-0.09887,7.975
2025-04-03,VNET,-0.09869,7.3186
2025-04-03,GRRR,-0.09244,18.85
2025-04-03,XNCR,-0.09165,8.92
2025-04-03,ECG,-0.08965,34.93
2025-04-03,NEXT,-0.08365,7.285
2025-04-03,NRIX,-0.0826,10.44
2025-04-04,NEXT,-0.21271,5.7
2025-04-04,SPYU,-0.2111,23.32
2025-04-04,BZ,-0.1792,16.0673
2025-04-04,CRK,-0.17454,16.955
2025-04-04,VG,-0.17261,7.4305
2025-04-04,CRC,-0.14352,34.7567
2025-04-04,EWTX,-0.14323,11.635
2025-04-04,VSTS,-0.11504,8.0
2025-04-04,PZZA,-0.11045,36.4892
2025-04-04,GEL,-0.10238,13.3014
2025-04-04,CVI,-0.10023,16.0801
2025-04-04,TVTX,-0.09903,14.92
2025-04-04,OCUL,-0.09571,6.33
2025-04-04,ALNY,-0.09334,237.69
2025-04-04,PD,-0.08976,15.465
2025-04-07,NAIL,-0.13378,48.9103
2025-04-07,BOIL,-0.09974,65.8
2025-04-07,SEDG,-0.08804,13.415
2025-04-08,SVIX,-0.24414,10.0
2025-04-08,MSTX,-0.22801,16.675
2025-04-08,LABU,-0.16725,36.0136
2025-04-08,GDS,-0.164,17.255
2025-04-08,DQ,-0.15952,13.33
2025-04-08,BABX,-0.15563,18.8801
2025-04-08,NAIL,-0.15529,41.9127
2025-04-08,RUN,-0.15449,5.555
2025-04-08,WRD,-0.14897,8.655
2025-04-08,HELE,-0.14695,35.99
2025-04-08,CRVO,-0.14652,8.33
2025-04-08,W,-0.13684,23.685
2025-04-08,ENPH,-0.13199,48.4
2025-04-08,PONY,-0.13073,5.685
2025-04-08,BTDR,-0.12983,7.205
2025-04-08,SMCL,-0.12691,9.3595
2025-04-08,OUST,-0.12517,6.5
2025-04-08,RKT,-0.11903,12.915
2025-04-08,GOGL,-0.11245,6.4345
2025-04-08,GRRR,-0.11195,16.5
2025-04-08,CENX,-0.10711,13.38
2025-04-08,MNSO,-0.10464,14.1754
2025-04-08,KC,-0.10422,11.26
2025-04-08,CAR,-0.10012,62.47
2025-04-08,PVH,-0.09865,59.4671
2025-04-08,PZZA,-0.0981,31.705
2025-04-08,INTC,-0.09683,17.675
2025-04-08,ZIM,-0.09648,11.5703
2025-04-08,VSAT,-0.09604,7.53
2025-04-08,IIPR,-0.09247,47.3023
2025-04-08,XNCR,-0.092,7.6
2025-04-08,QUBT,-0.08936,6.165
2025-04-08,PRAX,-0.08896,28.725
2025-04-08,HLF,-0.0888,7.08
2025-04-08,TER,-0.08863,66.4132
2025-04-08,PRCH,-0.08792,5.135
2025-04-08,BOIL,-0.08706,60.245
2025-04-08,GOGO,-0.08463,6.49
2025-04-08,SIG,-0.08244,50.1352
2025-04-08,EH,-0.08017,15.2599
2025-04-09,UVIX,-0.5028,45.9265
2025-04-09,MSTZ,-0.49807,9.3057
2025-04-09,GDXD,-0.26909,6.03
2025-04-09,YANG,-0.20552,52.1321
2025-04-10,SEDG,-0.20836,11.36
2025-04-10,NBR,-0.17407,26.95
2025-04-10,BTDR,-0.16874,7.34
2025-04-10,MLGO,-0.13266,15.855
2025-04-10,PCVX,-0.09399,27.905
2025-04-10,BTU,-0.09235,11.128
2025-04-11,YANG,-0.12412,45.9768
2025-04-14,UVIX,-0.23186,51.78
2025-04-14,MLGO,-0.15774,11.8
2025-04-15,HSAI,-0.09351,11.73
2025-04-15,BTDR,-0.09238,7.143
2025-04-15,MP,-0.09134,25.07
2025-04-16,MLGO,-0.34104,7.98
2025-04-16,ALP,-0.15517,6.7502
2025-04-16,BULL,-0.11247,36.3
2025-04-16,HIMS,-0.10455,26.38
2025-04-17,MLGO,-0.20675,6.6157
2025-04-17,MAN,-0.19284,39.9632
2025-04-21,PSIX,-0.12526,21.44
2025-04-21,THC,-0.09482,110.26
2025-04-22,MLGO,-0.17285,9.81
2025-04-22,UVIX,-0.13294,54.33
2025-04-23,WRD,-0.1633,7.3546
2025-04-23,BULL,-0.10221,21.08
2025-04-24,FISV,-0.18049,177.915
2025-04-24,FNGD,-0.1529,12.41
2025-04-25,SMMT,-0.37125,23.075
2025-04-25,HOLO,-0.15563,12.37
2025-04-25,EDVA,-0.13769,6.2
2025-04-25,BULL,-0.12632,17.0368
2025-04-25,NUTX,-0.10957,125.115
2025-04-25,ARCB,-0.10338,57.9864
2025-04-28,MLGO,-0.10547,7.0847
2025-04-29,NEO,-0.35155,6.465
2025-04-29,MLGO,-0.16606,5.9293
2025-04-30,WGS,-0.43977,65.5301
2025-04-30,LFMD,-0.14501,7.37
2025-04-30,LINE,-0.14288,48.4122
2025-05-01,FTAI,-0.17669,88.186
2025-05-01,USAR,-0.10133,9.445
2025-05-02,CABO,-0.41891,152.24
2025-05-02,KOLD,-0.10179,21.6199
2025-05-02,YALA,-0.08052,7.08
2025-05-05,EDVA,-0.13043,6.8
2025-05-05,HOLO,-0.08809,8.0704
2025-05-05,NFE,-0.08799,5.545
2025-05-05,TREE,-0.08503,39.545
2025-05-05,JDST,-0.08385,12.8899
2025-05-06,SRPT,-0.2511,47.675
2025-05-06,CGON,-0.22108,21.95
2025-05-06,RNA,-0.19455,26.0
2025-05-06,RCKT,-0.18917,6.365
2025-05-06,BRBR,-0.18501,63.92
2025-05-06,EDVA,-0.15234,5.62
2025-05-06,MATX,-0.14809,93.7706
2025-05-06,EWTX,-0.13936,14.235
2025-05-06,PCVX,-0.13886,29.52
2025-05-06,SLP,-0.13553,29.055
2025-05-06,NTLA,-0.1315,7.3301
2025-05-06,PTCT,-0.10923,36.21
2025-05-06,JDST,-0.10273,11.6199
2025-05-06,ABEO,-0.10078,5.755
2025-05-06,PRAX,-0.10049,35.045
2025-05-06,USAR,-0.09239,10.2106
2025-05-07,LNTH,-0.23469,80.235
2025-05-07,SRPT,-0.20428,37.2
2025-05-07,DFDV,-0.12425,63.696
2025-05-07,NUTX,-0.12299,116.52
2025-05-07,WTTR,-0.10501,7.375
2025-05-07,QURE,-0.10497,10.275
2025-05-07,VNET,-0.08346,6.26
2025-05-08,EOLS,-0.14541,10.05
2025-05-08,FSM,-0.12256,5.405
2025-05-08,ACH,-0.10954,6.91
2025-05-08,RXST,-0.09027,13.555
2025-05-08,PLTD,-0.08268,11.0476
2025-05-09,GMED,-0.23958,55.1
2025-05-09,COMP,-0.18758,6.28
2025-05-09,EVH,-0.14332,9.235
2025-05-09,BULL,-0.09613,16.36
2025-05-09,CAPR,-0.09182,6.33
2025-05-09,EDVA,-0.08632,5.61
2025-05-12,UVIX,-0.25341,28.46
2025-05-12,PPTA,-0.21607,11.9
2025-05-12,PAAS,-0.15906,22.8811
2025-05-12,FTRE,-0.14634,5.25
2025-05-12,FNGD,-0.12177,9.52
2025-05-12,USAR,-0.10083,8.65
2025-05-12,EDVA,-0.09185,5.24
2025-05-13,NAKA,-0.24993,10.2685
2025-05-13,ASST,-0.17118,5.81
2025-05-13,CALY,-0.16846,6.5692
2025-05-13,RGTI,-0.13896,9.945
2025-05-13,PLTD,-0.09344,10.1353
2025-05-13,JACK,-0.08351,26.395
2025-05-14,HCWB,-0.10746,8.97
2025-05-14,JANX,-0.09949,22.81
2025-05-14,PRTA,-0.09289,6.885
2025-05-14,KVYO,-0.08747,34.22
2025-05-14,TWST,-0.08486,29.55
2025-05-15,FISV,-0.16444,158.64
2025-05-15,RDDT,-0.09583,113.31
2025-05-15,REAL,-0.08333,5.225
2025-05-19,AEVA,-0.16432,15.41
2025-05-19,ACHR,-0.15526,11.235
2025-05-19,SOUN,-0.084,10.25
2025-05-19,PONY,-0.08383,16.885
2025-05-20,TSSI,-0.16239,11.693
2025-05-20,NMAX,-0.11063,22.9635
2025-05-21,WIX,-0.16555,151.6521
2025-05-21,HELE,-0.1302,27.19
2025-05-21,MOD,-0.1122,93.725
2025-05-21,SG,-0.09979,12.945
2025-05-21,RDDT,-0.09883,95.2
2025-05-21,CABO,-0.09241,149.625
2025-05-21,AES,-0.09129,10.2098
2025-05-21,QDEL,-0.08493,29.63
2025-05-21,TXG,-0.0837,8.32
2025-05-21,FWRD,-0.08149,16.57
2025-05-21,TNDM,-0.08142,21.605
2025-05-21,PRAA,-0.08086,13.64
2025-05-22,NTCL,-0.41306,5.1944
2025-05-22,LX,-0.09795,7.821
2025-05-23,UPXI,-0.22361,10.59
2025-05-23,CHAI,-0.17156,5.36
2025-05-23,PONY,-0.16926,17.105
2025-05-23,GOGO,-0.15847,10.78
2025-05-23,GPUS,-0.13857,6.03
2025-05-23,VSAT,-0.09772,9.095
2025-05-23,WRD,-0.08532,9.22
2025-05-27,UVIX,-0.18828,28.67
2025-05-27,FICO,-0.1182,1494.095
2025-05-28,TEM,-0.18491,53.69
2025-05-28,OKTA,-0.15665,105.8399
2025-05-28,BOIL,-0.10865,51.44
2025-05-28,VSTM,-0.09624,7.7
2025-05-28,MARA,-0.09224,14.9235
2025-05-28,XXRP,-0.08997,30.5501
2025-05-29,HOLO,-0.36111,6.6445
2025-05-29,TAOP,-0.18879,6.6
2025-05-29,IONX,-0.17791,75.0578
2025-05-29,QBTX,-0.13335,92.2989
2025-05-29,QMCO,-0.10141,12.5623
2025-05-30,BTDR,-0.09958,12.885
2025-05-30,CHA,-0.09612,27.9994
2025-05-30,DFDV,-0.08901,17.91
2025-06-02,RYET,-0.23688,9.6
2025-06-02,VSTM,-0.20545,5.975
2025-06-02,RGC,-0.17331,725.1854
2025-06-02,DUST,-0.12124,23.6297
2025-06-02,NVCR,-0.11695,16.875
2025-06-02,CPS,-0.1072,20.57
2025-06-02,HCWB,-0.0815,7.1
2025-06-03,RGC,-0.21087,590.1012
2025-06-03,PONY,-0.2086,13.81
2025-06-03,SOC,-0.17855,23.97
2025-06-03,ECHO,-0.12328,15.965
2025-06-03,HCWB,-0.09408,6.5317
2025-06-04,TJGC,-0.55319,14.7
2025-06-04,ASAN,-0.19711,15.255
2025-06-04,HCWB,-0.11045,5.96
2025-06-04,PBF,-0.08023,17.9711
2025-06-05,TJGC,-0.51558,7.46
2025-06-05,PVH,-0.18668,65.7286
2025-06-05,BF.B,-0.18303,27.1238
2025-06-05,RYET,-0.15148,7.73
2025-06-05,PNRG,-0.13385,146.0499
2025-06-05,SKYA,-0.0935,5.72
2025-06-05,CHA,-0.09306,31.8195
2025-06-05,NUTX,-0.08465,124.14
2025-06-06,ASST,-0.178,5.68
2025-06-06,AVGX,-0.10569,28.8876
2025-06-06,GDXU,-0.08839,74.305
2025-06-06,UVIX,-0.08106,25.905
2025-06-09,SBET,-0.277,29.99
2025-06-09,NMAX,-0.11614,14.84
2025-06-09,APPS,-0.09804,5.06
2025-06-09,TSDD,-0.09069,25.33
2025-06-09,SBIT,-0.08258,6.8442
2025-06-10,SJM,-0.15954,94.0104
2025-06-10,AAON,-0.15614,79.284
2025-06-10,SEI,-0.13148,25.2707
2025-06-10,NEGG,-0.11387,12.1311
2025-06-10,UNFI,-0.10563,23.2
2025-06-10,CBRL,-0.10334,54.4585
2025-06-10,ASPI,-0.09979,8.66
2025-06-10,FCEL,-0.09438,6.765
2025-06-11,NEGG,-0.15582,10.5101
2025-06-11,SMMT,-0.10847,19.685
2025-06-11,NMAX,-0.08675,13.16
2025-06-12,SDGR,-0.13994,22.955
2025-06-12,OXM,-0.13603,43.2222
2025-06-12,VIVO,-0.12419,5.43
2025-06-12,SOLT,-0.09696,16.5371
2025-06-12,OPFI,-0.09568,12.57
2025-06-12,RRGB,-0.08849,5.305
2025-06-12,QBTX,-0.08403,83.0056
2025-06-13,LIMN,-0.28113,14.6002
2025-06-13,ARAI,-0.1647,7.785
2025-06-13,CAPR,-0.14491,11.92
2025-06-13,WBUY,-0.1106,6.0301
2025-06-13,APLD,-0.10313,11.2199
2025-06-13,NAIL,-0.09767,47.4932
2025-06-13,VSXY,-0.08809,18.065
2025-06-13,AAOI,-0.08806,15.43
2025-06-13,VFC,-0.08795,11.518
2025-06-13,BLMN,-0.08741,8.0396
2025-06-13,USAR,-0.08625,13.2768
2025-06-13,OXM,-0.08481,39.4239
2025-06-13,TNXP,-0.08206,31.7057
2025-06-13,WRD,-0.08101,7.839
2025-06-16,RBNE,-0.61035,5.4551
2025-06-16,LIMN,-0.17775,11.8568
2025-06-16,CONI,-0.15422,5.2099
2025-06-16,SGMT,-0.12213,7.26
2025-06-17,FCEL,-0.1412,5.9601
2025-06-17,TIL,-0.13618,28.48
2025-06-17,NUTX,-0.12424,117.15
2025-06-17,PTON,-0.12049,6.095
2025-06-17,FSLY,-0.0884,6.6
2025-06-17,NAIL,-0.0834,44.6807
2025-06-20,DFDV,-0.24304,23.67
2025-06-20,APPS,-0.13947,5.8
2025-06-23,HIMZ,-0.66056,17.1891
2025-06-23,KZIA,-0.25902,6.78
2025-06-23,DFSC,-0.20735,9.71
2025-06-23,SMCL,-0.18901,13.129
2025-06-23,TRON,-0.15996,9.274
2025-06-23,UCO,-0.09616,25.19
2025-06-24,UVIX,-0.13018,23.72
2025-06-24,YANG,-0.08446,29.7674
2025-06-25,CLRB,-0.19948,7.765
2025-06-25,IONX,-0.11532,56.9312
2025-06-25,NNE,-0.10896,35.196
2025-06-25,ASPI,-0.09818,6.935
2025-06-25,QBTX,-0.09608,65.8758
2025-06-25,CHA,-0.09074,25.5756
2025-06-25,CRWV,-0.08035,158.75
2025-06-26,LIMN,-0.29525,16.9
2025-06-26,GCTK,-0.28231,5.6267
2025-06-27,LIMN,-0.42771,9.5
2025-06-27,QS,-0.14314,6.555
2025-06-27,NA,-0.1299,9.98
2025-06-27,SGMT,-0.11207,7.725
2025-06-27,PPTA,-0.0896,11.735
2025-06-27,PTIR,-0.08948,301.7042
2025-06-30,AGIG,-0.13644,10.38
2025-06-30,CAPR,-0.10314,10.0
2025-06-30,CLRB,-0.09177,7.175
2025-07-01,METC,-0.22793,10.145
2025-07-01,NAGE,-0.11589,12.74
2025-07-01,AVAV,-0.11472,252.2599
2025-07-01,NMAX,-0.08196,13.89
2025-07-02,CNC,-0.40141,33.91
2025-07-02,MOH,-0.22391,237.71
2025-07-02,ETHD,-0.14815,13.2796
2025-07-02,LIMN,-0.14203,8.88
2025-07-07,HYPD,-0.20822,11.37
2025-07-07,RGC,-0.18932,18.6376
2025-07-07,TXG,-0.09416,11.785
2025-07-07,HELE,-0.08206,29.98
2025-07-08,DFDV,-0.12159,20.3
2025-07-08,SEZL,-0.09818,163.68
2025-07-08,TSSI,-0.09599,26.18
2025-07-08,RDTL,-0.09598,26.75
2025-07-08,QBTX,-0.09507,81.0063
2025-07-08,TRON,-0.08768,7.7
2025-07-09,ASST,-0.17321,5.895
2025-07-09,ETHD,-0.11592,11.4398
2025-07-09,LABD,-0.10924,6.2352
2025-07-09,SMST,-0.09148,21.65
2025-07-09,NUWE,-0.08228,7.25
2025-07-10,BMNR,-0.32654,44.9298
2025-07-10,LZMH,-0.28495,6.7
2025-07-10,CYN,-0.11498,9.16
2025-07-10,TSDD,-0.0913,23.2966
2025-07-11,IONX,-0.17228,64.4815
2025-07-11,ARTL,-0.1607,23.9198
2025-07-11,QBTX,-0.14655,69.1459
2025-07-11,RGTX,-0.1419,32.0383
2025-07-11,DAVE,-0.13253,199.5
2025-07-11,ETHD,-0.13023,9.5233
2025-07-11,TSSI,-0.1034,20.55
2025-07-11,ARQQ,-0.09668,34.57
2025-07-11,CSIQ,-0.09617,12.735
2025-07-11,BYRN,-0.09345,23.04
2025-07-11,HIMZ,-0.0887,19.6748
2025-07-11,CRWV,-0.08703,126.255
2025-07-11,HERE,-0.08274,8.98
2025-07-11,HSDT,-0.08229,8.03
2025-07-11,PRCH,-0.08116,12.2297
2025-07-14,HOLO,-0.13893,5.95
2025-07-14,AGIG,-0.12736,10.62
2025-07-15,INKT,-0.3128,27.907
2025-07-15,SLP,-0.24957,13.11
2025-07-15,XXI,-0.1083,33.7685
2025-07-15,NAIL,-0.10364,54.5174
2025-07-15,DFSC,-0.08393,8.95
2025-07-16,ETHD,-0.214,7.2951
2025-07-16,INKT,-0.15711,23.6094
2025-07-16,NUTX,-0.08573,103.9798
2025-07-17,ELV,-0.12929,300.0094
2025-07-17,DFDV,-0.12418,26.59
2025-07-17,OSCR,-0.08762,14.005
2025-07-17,HSAI,-0.0828,20.05
2025-07-18,SBET,-0.19533,29.29
2025-07-18,CEPO,-0.14146,12.26
2025-07-18,ENOV,-0.14112,26.505
2025-07-18,ARWR,-0.10345,16.9
2025-07-18,MSTU,-0.10114,9.42
2025-07-18,BXC,-0.10067,74.0775
2025-07-18,XXI,-0.08707,30.72
2025-07-18,ELV,-0.08202,277.6437
2025-07-21,AEVA,-0.17251,26.67
2025-07-21,RKLX,-0.17183,94.7436
2025-07-21,RCAT,-0.16637,9.395
2025-07-21,TRON,-0.13218,8.765
2025-07-21,SBET,-0.13078,25.1899
2025-07-21,CLRO,-0.12676,6.8899
2025-07-21,BULL,-0.12581,14.765
2025-07-21,PDYN,-0.12541,10.705
2025-07-21,RGTX,-0.12265,52.6396
2025-07-21,LTBR,-0.11878,13.28
2025-07-21,DAVE,-0.11197,193.68
2025-07-21,BGMS,-0.10865,11.65
2025-07-21,HIMZ,-0.10314,19.0764
2025-07-21,LEU,-0.10159,224.01
2025-07-21,TEMT,-0.09819,17.8736
2025-07-21,SYM,-0.09663,49.27
2025-07-21,AGIG,-0.09251,10.055
2025-07-21,CAPR,-0.09084,6.255
2025-07-21,HYPD,-0.08703,11.759
2025-07-21,SOUN,-0.08548,11.715
2025-07-21,HRI,-0.08263,125.3667
2025-07-21,QUBT,-0.08252,17.9
2025-07-21,MRAL,-0.08087,27.2998
2025-07-21,UMAC,-0.0804,9.9961
2025-07-22,BMI,-0.16408,204.9926
2025-07-23,ENPH,-0.14918,36.16
2025-07-23,BOIL,-0.10637,36.46
2025-07-23,SEDG,-0.09448,28.85
2025-07-23,STEX,-0.09426,5.525
2025-07-24,NVCR,-0.23016,12.71
2025-07-24,MAT,-0.15099,17.15
2025-07-24,ATYR,-0.14902,5.625
2025-07-24,HYPD,-0.12554,8.15
2025-07-24,SG,-0.12331,14.255
2025-07-24,XRX,-0.10909,5.9248
2025-07-24,TRON,-0.10576,8.7501
2025-07-24,OSCR,-0.1046,14.21
2025-07-24,BULL,-0.09245,16.1
2025-07-24,PEW,-0.0874,7.2004
2025-07-25,CHTR,-0.18768,308.68
2025-07-25,BKKT,-0.12934,18.3099
2025-07-25,MLGO,-0.09171,12.4254
2025-07-28,BGL,-0.16224,14.82
2025-07-28,HTOO,-0.13591,6.04
2025-07-28,BMNR,-0.13069,34.5999
2025-07-28,SRFM,-0.12943,5.0406
2025-07-28,RKLX,-0.12164,84.2983
2025-07-28,LITS,-0.11573,5.96
2025-07-28,ALB,-0.11015,74.5157
2025-07-28,IDR,-0.08606,18.16
2025-07-28,KULR,-0.08295,5.915
2025-07-28,CAI,-0.08125,27.14
2025-07-29,QS,-0.15073,9.325
2025-07-29,ATYR,-0.14529,5.265
2025-07-29,AMPX,-0.14113,7.12
2025-07-29,PDYN,-0.13187,8.525
2025-07-29,BULL,-0.125,13.755
2025-07-29,TSSI,-0.12234,23.925
2025-07-29,DFDV,-0.11922,15.81
2025-07-29,NVTS,-0.11507,7.575
2025-07-29,OUST,-0.10875,23.11
2025-07-29,GRAL,-0.1087,34.11
2025-07-29,AEHR,-0.10665,18.68
2025-07-29,TMC,-0.1064,6.6573
2025-07-29,NEON,-0.09865,22.75
2025-07-29,USAR,-0.09545,10.945
2025-07-29,KC,-0.08689,13.925
2025-07-29,PEW,-0.08685,6.1181
2025-07-29,ZEPP,-0.08667,12.54
2025-07-29,LTBR,-0.08472,13.72
2025-07-29,NDRA,-0.08346,5.82
2025-07-29,RCAT,-0.08343,8.295
2025-07-29,KSS,-0.08333,11.7627
2025-07-29,SERV,-0.08326,10.405
2025-07-29,UMAC,-0.08315,9.306
2025-07-30,MNRO,-0.23518,12.4828
2025-07-30,IE,-0.16667,9.25
2025-07-30,CWH,-0.15491,14.9096
2025-07-30,EMPD,-0.1491,10.415
2025-07-30,ENTG,-0.14822,78.9988
2025-07-30,CHKP,-0.1473,186.17
2025-07-30,MLGO,-0.12587,8.75
2025-07-30,BGL,-0.10712,13.17
2025-07-30,HYPD,-0.09475,7.93
2025-07-30,TNXP,-0.0934,38.6485
2025-07-30,TMC,-0.09153,6.005
2025-07-30,QBTX,-0.0886,84.7248
2025-07-30,SGML,-0.08605,5.47
2025-07-30,PII,-0.0825,53.0411
2025-07-31,ALGN,-0.36957,128.3375
2025-07-31,BAX,-0.21619,21.9819
2025-07-31,SPSC,-0.21235,109.925
2025-07-31,NSIT,-0.17225,119.685
2025-07-31,GOOS,-0.14471,10.905
2025-07-31,CRK,-0.13949,17.89
2025-07-31,CSL,-0.13774,354.0191
2025-07-31,HTOO,-0.09529,5.3016
2025-07-31,STEM,-0.0943,12.8971
2025-07-31,INKT,-0.08343,15.16
2025-07-31,PBF,-0.08305,22.5896
2025-08-01,NSP,-0.23729,45.4403
2025-08-01,ETHU,-0.12058,103.5275
2025-08-01,CALY,-0.11514,8.185
2025-08-01,TRON,-0.10731,7.57
2025-08-01,NOG,-0.10728,25.6351
2025-08-01,CNXC,-0.10488,46.5135
2025-08-01,NBR,-0.08597,31.79
2025-08-01,XXI,-0.08333,26.62
2025-08-01,CYN,-0.08066,6.7204
2025-08-04,NUWE,-0.27143,6.63
2025-08-04,ON,-0.16429,47.485
2025-08-04,BNC,-0.15493,18.0
2025-08-04,SMST,-0.11533,23.09
2025-08-04,UVXY,-0.09431,15.75
2025-08-04,INKT,-0.09307,13.35
2025-08-05,ATKR,-0.26314,56.4002
2025-08-05,PTLO,-0.23077,7.3
2025-08-05,MLAB,-0.23052,58.8727
2025-08-05,ODD,-0.21434,58.17
2025-08-05,VRTX,-0.20544,375.245
2025-08-05,KD,-0.19864,29.41
2025-08-05,ADTN,-0.15576,7.995
2025-08-05,BGLC,-0.1506,5.64
2025-08-05,PLMR,-0.1458,112.3503
2025-08-05,CONL,-0.1225,31.09
2025-08-05,STEM,-0.10645,12.045
2025-08-05,BKSY,-0.09091,18.7
2025-08-05,TWST,-0.08805,27.55
2025-08-05,SQFT,-0.08303,5.511
2025-08-06,BLMN,-0.30557,6.2152
2025-08-06,MNTN,-0.17541,25.95
2025-08-06,ESAB,-0.17376,109.0893
2025-08-06,REPL,-0.1337,5.475
2025-08-06,EVTL,-0.11117,5.4663
2025-08-06,UFPT,-0.10933,214.43
2025-08-06,CRL,-0.09807,151.065
2025-08-06,CABO,-0.09185,137.14
2025-08-06,LUNR,-0.08588,10.485
2025-08-07,RDW,-0.30511,9.52
2025-08-07,CROX,-0.29269,74.36
2025-08-07,ROOT,-0.2683,89.67
2025-08-07,HAE,-0.26264,55.87
2025-08-07,GOGO,-0.20967,12.1
2025-08-07,ESTA,-0.13927,35.97
2025-08-07,LB,-0.1364,51.2533
2025-08-07,CENTA,-0.11206,31.735
2025-08-07,AEVA,-0.1032,12.34
2025-08-07,ASTS,-0.08148,47.57
2025-08-07,ASPN,-0.08132,7.5699
2025-08-08,SEZL,-0.34365,91.449
2025-08-08,SMU,-0.24502,26.93
2025-08-08,FIP,-0.19788,5.0048
2025-08-08,PAR,-0.19748,46.57
2025-08-08,AVPT,-0.18057,14.34
2025-08-08,CHYM,-0.14708,28.88
2025-08-08,TONX,-0.1293,17.205
2025-08-08,VOYG,-0.12289,30.69
2025-08-08,MNTN,-0.11869,22.015
2025-08-08,GRPN,-0.09976,33.21
2025-08-08,CALY,-0.09885,8.615
2025-08-08,DNA,-0.09371,12.1986
2025-08-08,FTRE,-0.08633,6.615
2025-08-08,SMCX,-0.0854,36.3018
2025-08-11,MNDY,-0.29596,174.63
2025-08-11,OKLL,-0.10296,29.36
2025-08-11,WW,-0.10132,34.3567
2025-08-11,XXRP,-0.0998,45.9102
2025-08-11,DOMO,-0.09267,14.49
2025-08-11,DUOL,-0.08803,337.74
2025-08-11,SYM,-0.0856,50.85
2025-08-12,HNRG,-0.10423,17.575
2025-08-12,SOXS,-0.08945,6.82
2025-08-12,UVIX,-0.08015,14.552
2025-08-13,CRWV,-0.19971,119.0425
2025-08-14,CWVX,-0.30764,11.9503
2025-08-14,NICE,-0.1366,127.775
2025-08-14,PNRG,-0.12342,161.01
2025-08-14,CRCL,-0.10528,137.035
2025-08-14,PSIX,-0.08649,82.645
2025-08-14,SLDB,-0.08458,6.115
2025-08-15,SBET,-0.15348,19.8847
2025-08-15,AMAT,-0.13875,162.118
2025-08-15,BNC,-0.11174,25.04
2025-08-15,ASPI,-0.11116,9.395
2025-08-15,BGMS,-0.10349,7.97
2025-08-15,TSSI,-0.09563,15.935
2025-08-15,AMR,-0.09552,144.5
2025-08-15,SOLT,-0.0935,20.1385
2025-08-15,VG,-0.08542,12.5405
2025-08-15,PNRG,-0.08494,149.2
2025-08-18,TNXP,-0.21986,40.06
2025-08-18,OUST,-0.09048,31.5787
2025-08-18,JACK,-0.08109,18.81
2025-08-19,PTIR,-0.19003,24.7864
2025-08-19,IONX,-0.17968,45.796
2025-08-19,SUIG,-0.17686,5.655
2025-08-19,RGTX,-0.17685,43.4689
2025-08-19,RKLX,-0.17043,69.5364
2025-08-19,TRON,-0.16142,5.6772
2025-08-19,QBTX,-0.14262,67.2055
2025-08-19,HOOG,-0.13581,68.8757
2025-08-19,HIMZ,-0.13324,13.5304
2025-08-19,AAOI,-0.1328,22.66
2025-08-19,SMU,-0.12861,18.491
2025-08-19,DNA,-0.12826,12.03
2025-08-19,RDTL,-0.12507,60.02
2025-08-19,BNC,-0.12455,19.4
2025-08-19,UXRP,-0.12131,33.32
2025-08-19,ASTX,-0.12128,24.78
2025-08-19,SOFX,-0.11515,30.3013
2025-08-19,CONL,-0.10926,31.63
2025-08-19,SMCX,-0.10753,33.7108
2025-08-19,QS,-0.10398,7.885
2025-08-19,SOUN,-0.1002,13.335
2025-08-19,VOYG,-0.09946,29.88
2025-08-19,IREN,-0.09418,18.755
2025-08-19,XXI,-0.09103,24.2604
2025-08-19,AMSC,-0.08923,48.69
2025-08-19,LTBR,-0.08883,13.95
2025-08-19,NNE,-0.08626,29.29
2025-08-19,SYM,-0.08493,46.76
2025-08-19,PSIX,-0.08449,79.75
2025-08-19,ALAB,-0.08137,171.26
2025-08-20,CLDX,-0.12373,21.0481
2025-08-20,CAPR,-0.09257,6.96
2025-08-20,GPRE,-0.08813,7.605
2025-08-20,OSCR,-0.08388,15.235
2025-08-21,NVAX,-0.1293,7.6099
2025-08-21,HSAI,-0.1127,22.99
2025-08-21,GOGO,-0.09357,11.14
2025-08-21,FLNC,-0.09024,6.805
2025-08-21,XRPT,-0.08618,17.1888
2025-08-21,DK,-0.08495,22.6911
2025-08-22,UVIX,-0.15665,12.119
2025-08-22,IONZ,-0.13736,16.23
2025-08-22,NEGG,-0.13219,100.475
2025-08-22,SMST,-0.11825,25.65
2025-08-22,TSDD,-0.11205,18.4587
2025-08-22,SPRY,-0.09079,13.52
2025-08-25,DFDV,-0.22761,15.61
2025-08-25,BNC,-0.15813,23.0
2025-08-25,TEMT,-0.10988,28.7602
2025-08-25,SUPV,-0.10077,8.165
2025-08-25,SRPT,-0.10064,18.185
2025-08-25,TNXP,-0.09031,34.55
2025-08-26,NEGG,-0.20318,67.73
2025-08-26,LASE,-0.16743,5.42
2025-08-26,IONZ,-0.10165,15.29
2025-08-26,KYIV,-0.09319,11.58
2025-08-26,UMAC,-0.08009,10.625
2025-08-27,SUPX,-0.33714,41.23
2025-08-27,TONX,-0.24551,15.135
2025-08-27,VIVO,-0.09615,5.64
2025-08-27,HOOG,-0.09415,63.8465
2025-08-27,NEGG,-0.09129,60.911
2025-08-27,ASTX,-0.08014,28.12
2025-08-28,NEGG,-0.18246,49.7799
2025-08-28,HMY,-0.13968,12.6202
2025-08-28,HIND,-0.11336,9.425
2025-08-28,CSIQ,-0.08417,9.4697
2025-08-29,NEGG,-0.14815,42.175
2025-08-29,CHA,-0.13195,19.0994
2025-08-29,VIVO,-0.10851,5.135
2025-08-29,UPXI,-0.10321,7.255
2025-08-29,BBW,-0.08771,61.6852
2025-08-29,DUOL,-0.08717,294.6425
2025-08-29,AIRO,-0.08181,23.68
2025-09-02,SOC,-0.14529,23.06
2025-09-02,TONX,-0.1431,12.425
2025-09-02,DNA,-0.12826,11.045
2025-09-02,SGML,-0.1006,6.035
2025-09-02,CBRL,-0.09938,53.878
2025-09-02,CRCL,-0.09054,120.03
2025-09-03,RKLX,-0.22515,75.9608
2025-09-03,NEGG,-0.20476,30.72
2025-09-03,MSOX,-0.14653,8.125
2025-09-03,ASTX,-0.13924,24.48
2025-09-03,UPSX,-0.13799,26.3
2025-09-03,SOUX,-0.10581,28.8997
2025-09-03,IONX,-0.09856,55.748
2025-09-03,SEI,-0.09454,27.0407
2025-09-04,DAVA,-0.30772,9.955
2025-09-04,SMU,-0.21869,21.4
2025-09-04,ABTC,-0.2102,6.35
2025-09-04,TMC,-0.10141,5.095
2025-09-04,ETHT,-0.09535,97.3358
2025-09-04,CIFR,-0.09125,7.37
2025-09-04,HIND,-0.08767,7.805
2025-09-04,IREN,-0.08242,25.885
2025-09-05,IPDN,-0.19776,6.45
2025-09-05,AMDL,-0.13311,9.085
2025-09-08,SMMT,-0.25693,19.305
2025-09-08,SUPV,-0.24157,6.075
2025-09-08,IRDM,-0.13975,21.6062
2025-09-08,IDYA,-0.13678,23.445
2025-09-08,OPEN,-0.08842,6.062
2025-09-09,PAPL,-0.24542,5.35
2025-09-09,UUU,-0.23431,5.13
2025-09-09,IONZ,-0.15262,12.465
2025-09-09,SMCZ,-0.14013,5.0651
2025-09-09,RAPP,-0.1163,27.81
2025-09-09,RIGL,-0.11316,36.245
2025-09-09,CONI,-0.1113,48.6088
2025-09-09,IRDM,-0.1078,19.087
2025-09-09,HIMZ,-0.08558,16.6703
2025-09-10,ORBS,-0.38262,24.8
2025-09-10,NEXT,-0.19426,8.005
2025-09-10,RBRK,-0.17543,81.22
2025-09-10,TTD,-0.13187,45.4898
2025-09-10,JACK,-0.08074,18.33
2025-09-11,ORBS,-0.37702,15.02
2025-09-11,IONZ,-0.13687,10.91
2025-09-11,WYFI,-0.13062,20.5
2025-09-11,MSOX,-0.11232,6.915
2025-09-11,TSDD,-0.10703,15.4178
2025-09-11,TVTX,-0.08623,24.955
2025-09-12,EPSM,-0.1768,38.46
2025-09-12,TSLQ,-0.13948,10.4808
2025-09-12,CRCA,-0.12844,13.5126
2025-09-12,NEXT,-0.10444,6.86
2025-09-12,ORCX,-0.09849,44.12
2025-09-15,WLDS,-0.28025,6.78
2025-09-15,ORBS,-0.22983,12.03
2025-09-15,ABTC,-0.10072,7.095
2025-09-15,RNA,-0.09868,40.325
2025-09-16,RKLX,-0.24665,85.072
2025-09-16,TSSI,-0.09094,14.545
2025-09-17,VCEL,-0.09013,30.235
2025-09-18,FGI,-0.12734,7.47
2025-09-18,YPF,-0.10187,24.465
2025-09-18,VSAT,-0.09425,29.31
2025-09-18,GCTK,-0.08344,6.92
2025-09-19,SLMT,-0.30233,17.372
2025-09-19,GLUE,-0.08224,6.3601
2025-09-19,XRPT,-0.0814,17.3885
2025-09-22,TURB,-0.22931,6.705
2025-09-22,HSDT,-0.21314,18.9869
2025-09-22,NEGG,-0.21273,43.2999
2025-09-22,ETHT,-0.13657,89.951
2025-09-22,OPEN,-0.12121,8.41
2025-09-22,TIGR,-0.09058,10.14
2025-09-22,AQST,-0.08554,5.185
2025-09-23,RDTL,-0.16288,62.466
2025-09-23,FLY,-0.16095,41.55
2025-09-23,AGMH,-0.12485,8.4627
2025-09-23,SYM,-0.11016,54.04
2025-09-23,AAOI,-0.09316,27.695
2025-09-23,CRCA,-0.09071,14.61
2025-09-23,PGY,-0.08862,37.64
2025-09-23,VNET,-0.08408,9.205
2025-09-23,BIDU,-0.08168,125.47
2025-09-24,HRMY,-0.16558,26.76
2025-09-24,OKLL,-0.16354,85.11
2025-09-24,FCX,-0.16288,37.9732
2025-09-24,RCAT,-0.1147,10.42
2025-09-24,AEVA,-0.10402,16.2799
2025-09-24,OUST,-0.1033,29.663
2025-09-24,MIR,-0.10203,22.09
2025-09-24,HIMZ,-0.0996,20.0701
2025-09-24,HRTG,-0.09861,24.59
2025-09-24,UAMY,-0.09726,6.59
2025-09-24,TSDD,-0.08227,10.1894
2025-09-24,QS,-0.08167,12.425
2025-09-25,SLE,-0.31124,5.145
2025-09-25,BETR,-0.17296,55.42
2025-09-25,EWTX,-0.10428,14.86
2025-09-25,UUU,-0.08911,6.4951
2025-09-25,BBAR,-0.0826,9.3205
2025-09-25,IMSR,-0.08258,16.165
2025-09-26,CRWU,-0.10064,19.5792
2025-09-26,DQ,-0.08765,28.21
2025-09-29,UPSX,-0.16233,16.854
2025-09-29,CONI,-0.13577,42.4108
2025-09-29,QUBX,-0.13146,22.061
2025-09-29,FWDI,-0.11177,25.9629
2025-09-29,SMST,-0.10918,28.64
2025-09-29,QBTX,-0.10591,164.9457
2025-09-29,SBIT,-0.09747,29.0183
2025-09-29,PGY,-0.08199,31.8
2025-09-30,EPSM,-0.63278,9.03
2025-09-30,MENS,-0.202,39.9
2025-09-30,ORBS,-0.19207,9.065
2025-09-30,IDT,-0.18423,52.2297
2025-09-30,SMU,-0.11275,19.91
2025-10-01,RDTL,-0.23024,45.0
2025-10-01,VOR,-0.18463,39.725
2025-10-01,WIX,-0.14297,152.235
2025-10-01,URGN,-0.10877,17.78
2025-10-01,ORBS,-0.1082,8.16
2025-10-01,IMRX,-0.09643,6.325
2025-10-01,CELC,-0.08947,44.98
2025-10-01,EYPT,-0.08427,13.04
2025-10-02,KOD,-0.13039,13.705
2025-10-02,DWTX,-0.09349,6.409
2025-10-02,TSLT,-0.0906,27.855
2025-10-02,FWDI,-0.08324,24.505
2025-10-02,SMST,-0.08153,24.1832
2025-10-03,HIMZ,-0.17371,19.36
2025-10-03,BKKT,-0.08823,40.045
2025-10-03,FWDI,-0.08446,22.44
2025-10-06,APPX,-0.38652,81.6916
2025-10-06,TSDD,-0.09795,9.5797
2025-10-06,PSIX,-0.08475,84.4595
2025-10-06,DPRO,-0.08358,9.43
2025-10-07,BQ,-0.25625,11.9
2025-10-07,EVAX,-0.18417,5.67
2025-10-07,MSTX,-0.1463,22.495
2025-10-07,PTON,-0.11151,7.41
2025-10-07,SLMT,-0.08649,20.015
2025-10-07,PONY,-0.08372,21.45
2025-10-08,NNE,-0.15628,47.78
2025-10-08,AQMS,-0.11577,5.27
2025-10-08,AMDD,-0.10498,9.2993
2025-10-08,NEXT,-0.0914,6.76
2025-10-09,HELE,-0.25208,20.65
2025-10-09,ORBS,-0.20155,8.2001
2025-10-09,DWTX,-0.14483,5.456
2025-10-09,XRPT,-0.08999,14.2669
2025-10-09,NXH,-0.08528,10.19
2025-10-10,VG,-0.24479,9.5024
2025-10-10,ALP,-0.22156,6.5
2025-10-10,CRCA,-0.21203,14.4987
2025-10-10,QUBX,-0.19078,21.509
2025-10-10,BQ,-0.18705,10.17
2025-10-10,BABX,-0.17291,44.1902
2025-10-10,SMCL,-0.17233,17.3405
2025-10-10,CORT,-0.16189,74.055
2025-10-10,CSIQ,-0.16061,13.405
2025-10-10,LPTH,-0.15729,8.09
2025-10-10,IONX,-0.15575,152.1614
2025-10-10,DQ,-0.15166,23.55
2025-10-10,AAOI,-0.1506,27.495
2025-10-10,WRD,-0.14411,10.245
2025-10-10,SOFX,-0.14333,37.8945
2025-10-10,LENZ,-0.13903,39.82
2025-10-10,BKKT,-0.13243,33.15
2025-10-10,LWLG,-0.12857,5.185
2025-10-10,GDS,-0.12663,33.555
2025-10-10,AMBA,-0.12648,73.62
2025-10-10,BTDR,-0.12384,17.97
2025-10-10,FUTU,-0.1234,152.528
2025-10-10,UPSX,-0.12136,14.524
2025-10-10,NXH,-0.1213,8.91
2025-10-10,QMCO,-0.1208,11.0252
2025-10-10,DFDV,-0.11502,15.85
2025-10-10,FLNC,-0.11477,13.19
2025-10-10,ONDS,-0.11249,9.31
2025-10-10,PDYN,-0.10978,8.3592
2025-10-10,DFNS,-0.10889,7.9843
2025-10-10,DNA,-0.10695,13.6101
2025-10-10,AVGX,-0.10531,46.5322
2025-10-10,TSSI,-0.10412,17.81
2025-10-10,LAES,-0.10404,5.4564
2025-10-10,RCAT,-0.10368,13.1401
2025-10-10,BKSY,-0.10117,26.9201
2025-10-10,RZLV,-0.10031,5.2002
2025-10-10,CAL,-0.10023,11.9419
2025-10-10,BMNR,-0.09953,53.2203
2025-10-10,ONTO,-0.09832,123.17
2025-10-10,OUST,-0.09822,27.82
2025-10-10,FTRE,-0.09395,9.74
2025-10-10,SITM,-0.09392,280.83
2025-10-10,PLTU,-0.09384,94.4493
2025-10-10,DXYZ,-0.09297,25.3425
2025-10-10,SNPS,-0.08875,441.42
2025-10-10,CRNC,-0.08869,10.635
2025-10-10,RDW,-0.08847,8.7963
2025-10-10,TDOC,-0.08531,8.095
2025-10-10,OSCR,-0.08374,18.82
2025-10-10,BULL,-0.08333,11.495
2025-10-10,SYRE,-0.08219,19.43
2025-10-10,ABTC,-0.08214,6.012
2025-10-10,ASTX,-0.08198,72.0
2025-10-10,PATH,-0.08185,16.995
2025-10-13,OLOX,-0.18429,5.09
2025-10-13,XBIO,-0.14534,5.41
2025-10-13,SLMT,-0.08442,15.51
2025-10-13,LABX,-0.08277,27.0302
2025-10-14,LABX,-0.38901,16.9
2025-10-14,CRDO,-0.12462,131.22
2025-10-14,DMRA,-0.11059,11.34
2025-10-15,AQMS,-0.5736,12.63
2025-10-15,CD,-0.27764,14.57
2025-10-15,GWH,-0.19789,6.08
2025-10-15,LABD,-0.09155,31.8107
2025-10-15,AMDD,-0.08887,9.0204
2025-10-15,ALP,-0.08668,6.512
2025-10-15,ZSL,-0.08655,11.82
2025-10-16,RGTU,-0.31588,312.5347
2025-10-16,CLSX,-0.2751,82.9289
2025-10-16,NKLR,-0.25683,12.79
2025-10-16,QUBX,-0.23664,19.42
2025-10-16,RIOX,-0.22881,33.6481
2025-10-16,LAC,-0.21769,7.385
2025-10-16,SLMT,-0.20839,11.51
2025-10-16,DPST,-0.20022,73.9337
2025-10-16,LPTH,-0.1973,7.7701
2025-10-16,SMU,-0.19442,32.916
2025-10-16,BKSY,-0.17611,26.0597
2025-10-16,ARCX,-0.17484,20.86
2025-10-16,JOBX,-0.17366,31.5
2025-10-16,DPRO,-0.17121,9.73
2025-10-16,TMQ,-0.17021,7.02
2025-10-16,LAES,-0.16756,6.235
2025-10-16,EOSE,-0.14716,15.59
2025-10-16,SLDP,-0.14677,6.075
2025-10-16,NB,-0.14448,8.29
2025-10-16,IMSR,-0.14021,23.3003
2025-10-16,ARRY,-0.13751,8.875
2025-10-16,KVUE,-0.12981,14.1524
2025-10-16,STEM,-0.1294,25.9353
2025-10-16,QS,-0.12857,15.555
2025-10-16,FCEL,-0.12605,9.36
2025-10-16,UUUU,-0.12525,21.86
2025-10-16,UPSX,-0.12331,13.58
2025-10-16,RCAT,-0.12168,12.885
2025-10-16,ASPI,-0.12124,11.09
2025-10-16,ALM,-0.12074,8.52
2025-10-16,PL,-0.12028,13.275
2025-10-16,ENVX,-0.11638,11.655
2025-10-16,EVAX,-0.11559,9.7374
2025-10-16,CIFR,-0.10984,18.72
2025-10-16,SANA,-0.10895,5.275
2025-10-16,HRTG,-0.10738,24.065
2025-10-16,BNC,-0.10435,8.025
2025-10-16,SLON,-0.10078,38.28
2025-10-16,CHYM,-0.10041,17.56
2025-10-16,ABTC,-0.10018,5.03
2025-10-16,FIGR,-0.09939,40.185
2025-10-16,TMC,-0.09886,8.66
2025-10-16,FIG,-0.09652,57.66
2025-10-16,AEVA,-0.09588,17.35
2025-10-16,SRRK,-0.09537,29.31
2025-10-16,JACK,-0.09414,17.465
2025-10-16,LMND,-0.09361,47.54
2025-10-16,IMRX,-0.09307,5.5867
2025-10-16,DBRG,-0.09058,12.5701
2025-10-16,POET,-0.09029,7.5688
2025-10-16,IREN,-0.09017,61.85
2025-10-16,CRCA,-0.08914,13.1413
2025-10-16,PRME,-0.08713,5.815
2025-10-16,HIFS,-0.08447,251.1843
2025-10-16,STUB,-0.08242,17.6635
2025-10-16,XTND,-0.08078,14.11
2025-10-16,CRK,-0.08038,17.675
2025-10-16,KDK,-0.08034,8.185
2025-10-17,HSDT,-0.2542,7.54
2025-10-17,OMER,-0.18922,7.97
2025-10-17,UVIX,-0.14641,12.01
2025-10-17,ARCX,-0.12954,18.062
2025-10-17,DMRA,-0.12944,9.5675
2025-10-17,HYMC,-0.12443,7.74
2025-10-17,ASPI,-0.09819,9.965
2025-10-17,PALL,-0.0979,133.1701
2025-10-17,HTZ,-0.09343,5.24
2025-10-17,AUGO,-0.08996,36.3579
2025-10-17,STEM,-0.08749,23.6431
2025-10-17,BKKT,-0.08199,35.94
2025-10-20,QBTX,-0.23976,258.6448
2025-10-20,AQMS,-0.15863,12.2504
2025-10-20,STI,-0.15777,17.83
2025-10-20,UVIX,-0.14941,10.02
2025-10-20,CRWG,-0.13368,11.4092
2025-10-20,ORCX,-0.10357,37.65
2025-10-20,NEBX,-0.08917,57.3
2025-10-20,DPRO,-0.08493,8.62
2025-10-21,NKLR,-0.2986,9.02
2025-10-21,NVA,-0.2803,34.2
2025-10-21,OKLL,-0.26653,84.246
2025-10-21,EPSM,-0.23983,20.19
2025-10-21,RGTU,-0.19037,69.5484
2025-10-21,DFNS,-0.17514,7.63
2025-10-21,ASM,-0.16613,5.145
2025-10-21,GSIT,-0.16191,10.87
2025-10-21,SLMT,-0.16088,9.91
2025-10-21,IMSR,-0.15117,19.26
2025-10-21,NG,-0.13125,8.7831
2025-10-21,RIOX,-0.12872,36.6396
2025-10-21,MSOX,-0.1215,6.905
2025-10-21,KRRO,-0.11931,40.82
2025-10-21,SPRB,-0.11582,131.0
2025-10-21,AMPX,-0.10189,12.1514
2025-10-21,BTU,-0.09911,28.7589
2025-10-21,DMRA,-0.09862,8.5
2025-10-21,UUUU,-0.08968,20.555
2025-10-21,PRME,-0.08819,5.635
2025-10-21,NNE,-0.08748,42.04
2025-10-22,NFXL,-0.20222,47.4973
2025-10-22,BKSY,-0.14206,21.62
2025-10-22,XTND,-0.14192,11.789
2025-10-22,CODI,-0.09328,7.29
2025-10-22,XNCR,-0.08132,13.33
2025-10-23,SMCL,-0.19001,13.53
2025-10-23,SAH,-0.147,66.4004
2025-10-23,STM,-0.13356,25.2398
2025-10-23,CRML,-0.08548,13.7635
2025-10-24,CONI,-0.19972,34.1886
2025-10-24,GSIT,-0.19264,9.22
2025-10-24,DECK,-0.15038,87.1205
2025-10-24,WRLD,-0.09803,139.805
2025-10-27,DMRA,-0.14294,7.225
2025-10-27,GNPX,-0.09781,8.67
2025-10-27,LABD,-0.09224,28.8073
2025-10-27,LX,-0.09198,5.185
2025-10-27,ALB,-0.09192,95.9266
2025-10-28,CLIK,-0.29473,7.3771
2025-10-28,ARE,-0.19166,62.94
2025-10-28,METC,-0.17986,27.86
2025-10-28,IONL,-0.17601,65.219
2025-10-28,NVTX,-0.16617,95.4589
2025-10-28,RIOX,-0.12995,38.7
2025-10-28,VFC,-0.117,14.6618
2025-10-28,OUST,-0.10794,33.0775
2025-10-28,ORBS,-0.10435,5.7501
2025-10-28,INFQ,-0.10075,19.19
2025-10-28,RR,-0.09966,5.285
2025-10-28,DGXX,-0.09879,5.2
2025-10-28,VERI,-0.08562,6.675
2025-10-28,STI,-0.08409,12.09
2025-10-28,JOBX,-0.0823,28.99
2025-10-28,CRML,-0.08173,11.91
2025-10-28,UPSX,-0.08165,14.914
2025-10-28,ARCT,-0.08121,9.73
2025-10-28,ZEPP,-0.0812,42.265
2025-10-28,BKKT,-0.08018,26.73
2025-10-29,LRN,-0.54484,69.88
2025-10-29,VRNS,-0.48635,32.36
2025-10-29,CWH,-0.23887,12.8018
2025-10-29,ENPH,-0.15477,31.02
2025-10-29,DFIN,-0.13714,44.61
2025-10-29,SLMT,-0.12034,11.55
2025-10-29,UAMY,-0.1016,8.2114
2025-10-29,FWDI,-0.10101,14.24
2025-10-29,CVCO,-0.09851,503.05
2025-10-29,EPSM,-0.09178,17.12
2025-10-29,FUN,-0.08895,23.66
2025-10-29,WGO,-0.08871,36.999
2025-10-29,ZVRA,-0.08845,10.1
2025-10-30,FMC,-0.46286,15.6012
2025-10-30,SFM,-0.27068,76.25
2025-10-30,STEM,-0.26206,17.0465
2025-10-30,BMNU,-0.20893,17.807
2025-10-30,ITRI,-0.20806,109.43
2025-10-30,UPBD,-0.19455,18.6138
2025-10-30,NVTX,-0.16475,90.2117
2025-10-30,UPSX,-0.15858,11.62
2025-10-30,XXRP,-0.15415,20.6047
2025-10-30,RDTL,-0.1518,39.645
2025-10-30,EBAY,-0.15027,84.5807
2025-10-30,RKLX,-0.14662,129.2628
2025-10-30,ORCX,-0.12977,32.39
2025-10-30,SPRB,-0.11663,104.238
2025-10-30,SOFX,-0.11605,44.1128
2025-10-30,BKKT,-0.10411,23.32
2025-10-30,HIMZ,-0.10395,12.24
2025-10-30,AAP,-0.08341,50.5376
2025-10-30,MENS,-0.08287,45.875
2025-10-30,INFQ,-0.08008,17.92
2025-10-31,CVSA,-0.32315,95.9577
2025-10-31,SVV,-0.30688,9.17
2025-10-31,EPSM,-0.17066,13.51
2025-10-31,SOC,-0.16952,10.655
2025-10-31,GWAV,-0.10744,6.48
2025-10-31,PRM,-0.09091,23.5
2025-11-03,SOLT,-0.25492,12.8688
2025-11-03,NVA,-0.23404,6.84
2025-11-03,RGTX,-0.21983,203.3359
2025-11-03,ASTX,-0.21696,49.48
2025-11-03,WKEY,-0.20176,13.57
2025-11-03,NEBX,-0.16327,67.65
2025-11-03,CRML,-0.14991,11.0002
2025-11-03,DFTX,-0.13521,12.28
2025-11-03,LAES,-0.13275,6.435
2025-11-03,HSDT,-0.1229,5.21
2025-11-03,FRMM,-0.1166,17.35
2025-11-03,NB,-0.11275,6.539
2025-11-03,CRWG,-0.11235,10.9008
2025-11-03,UMAC,-0.10321,13.425
2025-11-03,KRRO,-0.1028,36.7045
2025-11-03,NKLR,-0.1,7.56
2025-11-03,CGEM,-0.09988,7.795
2025-11-03,BNC,-0.09164,6.74
2025-11-03,IE,-0.09128,13.44
2025-11-03,METC,-0.08827,27.68
2025-11-03,URAA,-0.08796,47.1372
2025-11-03,WOLF,-0.08663,24.04
2025-11-03,MRNA,-0.08358,24.89
2025-11-04,FWDI,-0.2525,10.45
2025-11-04,SOUX,-0.24,34.0619
2025-11-04,SMU,-0.23534,16.7002
2025-11-04,ADTN,-0.23202,8.01
2025-11-04,QPUX,-0.19259,32.7
2025-11-04,RDTL,-0.15595,36.75
2025-11-04,NCLH,-0.15465,18.7499
2025-11-04,KORU,-0.14389,172.7884
2025-11-04,WRD,-0.13716,9.405
2025-11-04,LSCC,-0.13202,63.2062
2025-11-04,GRPN,-0.11299,19.115
2025-11-04,DYN,-0.10784,21.51
2025-11-04,OKLO,-0.10752,113.05
2025-11-04,EOSE,-0.10243,14.02
2025-11-04,FRMM,-0.10202,15.535
2025-11-04,UMAC,-0.10178,12.09
2025-11-04,AMPX,-0.09919,12.215
2025-11-04,PRLB,-0.09894,48.1799
2025-11-04,LAES,-0.09738,5.8219
2025-11-04,IMNM,-0.09676,15.355
2025-11-04,CLF,-0.09646,10.725
2025-11-04,CRSP,-0.0944,56.12
2025-11-04,DXYZ,-0.09156,25.3
2025-11-04,DNA,-0.0907,11.63
2025-11-04,TSLT,-0.08961,27.94
2025-11-04,NTSK,-0.0856,22.1833
2025-11-04,FORM,-0.08298,51.72
2025-11-04,INOD,-0.0806,66.6199
2025-11-05,TREX,-0.31186,32.37
2025-11-05,LENZ,-0.24135,21.28
2025-11-05,SMCX,-0.22762,27.0487
2025-11-05,CMPS,-0.17119,5.495
2025-11-05,SLMT,-0.1066,7.375
2025-11-05,ACVA,-0.09106,8.135
2025-11-05,UAMY,-0.08752,6.36
2025-11-05,WOLF,-0.08082,20.13
2025-11-06,AMSC,-0.38632,36.465
2025-11-06,ACVA,-0.37607,5.085
2025-11-06,CCOI,-0.36194,24.4373
2025-11-06,SMU,-0.27672,13.265
2025-11-06,VAC,-0.26316,49.5727
2025-11-06,KMX,-0.25508,30.4
2025-11-06,TEMT,-0.24924,22.8873
2025-11-06,CRCA,-0.23612,7.4656
2025-11-06,RXO,-0.22503,13.655
2025-11-06,NVTX,-0.22081,42.622
2025-11-06,QDEL,-0.21776,21.41
2025-11-06,SLDP,-0.20858,6.735
2025-11-06,ZEPP,-0.20666,27.64
2025-11-06,PRMB,-0.20578,17.9965
2025-11-06,LABX,-0.19762,16.85
2025-11-06,NOVT,-0.18267,108.2801
2025-11-06,SOFX,-0.17968,38.2525
2025-11-06,BAIG,-0.17694,11.9102
2025-11-06,RIOX,-0.17422,24.2498
2025-11-06,CAI,-0.16912,24.27
2025-11-06,XXRP,-0.14952,16.491
2025-11-06,NGVT,-0.14763,46.42
2025-11-06,NEBX,-0.14709,54.45
2025-11-06,DFNS,-0.14403,6.24
2025-11-06,PTIR,-0.13978,28.5343
2025-11-06,QNRX,-0.13486,8.3486
2025-11-06,CIFR,-0.13213,21.445
2025-11-06,IMSR,-0.119,13.682
2025-11-06,NKLR,-0.11252,6.31
2025-11-06,BLMN,-0.11203,6.42
2025-11-06,FTDR,-0.1074,49.325
2025-11-06,APLX,-0.10342,103.7598
2025-11-06,VOR,-0.10043,18.81
2025-11-06,NTLA,-0.09801,12.24
2025-11-06,MUX,-0.09368,15.77
2025-11-06,WLDN,-0.09255,85.4001
2025-11-06,TNDM,-0.09066,13.34
2025-11-06,UMAC,-0.09026,10.835
2025-11-06,LAES,-0.08739,6.005
2025-11-06,LUNR,-0.08094,9.595
2025-11-06,SPRY,-0.08066,8.32
2025-11-06,TREE,-0.08023,53.365
2025-11-07,AIRS,-0.43565,5.92
2025-11-07,CERT,-0.22893,8.69
2025-11-07,ASTH,-0.22392,25.89
2025-11-07,DNA,-0.22035,8.81
2025-11-07,UI,-0.19709,609.8673
2025-11-07,PRMB,-0.18371,14.4498
2025-11-07,EVH,-0.16417,5.015
2025-11-07,ARLO,-0.12161,14.88
2025-11-07,YELP,-0.09368,29.12
2025-11-07,CONI,-0.09314,42.1711
2025-11-10,SGRY,-0.25093,16.105
2025-11-10,BTDR,-0.19054,17.8
2025-11-10,ZEPP,-0.18102,22.35
2025-11-10,OSCR,-0.1803,14.525
2025-11-10,PLTZ,-0.1793,5.63
2025-11-10,GDXD,-0.15501,14.5
2025-11-10,ASTH,-0.13393,22.115
2025-11-10,NVD,-0.12273,7.2203
2025-11-10,WW,-0.09914,29.26
2025-11-10,FUN,-0.09262,16.36
2025-11-11,CRWG,-0.32179,5.1001
2025-11-11,AEVA,-0.17206,11.26
2025-11-11,SMU,-0.14286,8.46
2025-11-11,BTDR,-0.13683,15.235
2025-11-11,SLON,-0.13663,24.96
2025-11-11,OKLL,-0.12807,42.89
2025-11-11,STI,-0.12746,10.2
2025-11-11,LUMN,-0.11106,9.325
2025-11-11,VG,-0.11008,7.5552
2025-11-11,FWDI,-0.10422,9.7998
2025-11-11,LABD,-0.0999,27.0251
2025-11-12,QBTX,-0.19731,45.1599
2025-11-12,AESI,-0.15373,8.615
2025-11-12,NVTX,-0.12624,37.1928
2025-11-12,MOVE,-0.11803,11.7298
2025-11-12,CRCL,-0.11231,87.26
2025-11-12,MENS,-0.09862,36.65
2025-11-12,CCOI,-0.098,18.6006
2025-11-12,ORCX,-0.0837,24.74
2025-11-12,ARRY,-0.08306,8.445
2025-11-13,APLX,-0.25133,54.87
2025-11-13,SOFX,-0.23672,39.9112
2025-11-13,FRMI,-0.20313,17.34
2025-11-13,ANRO,-0.16408,11.87
2025-11-13,HIMZ,-0.15847,7.8347
2025-11-13,FLNC,-0.15174,16.295
2025-11-13,SEDG,-0.15044,36.115
2025-11-13,SOLT,-0.14822,9.2565
2025-11-13,CIFR,-0.13895,14.965
2025-11-13,FLUT,-0.13785,202.13
2025-11-13,PTIR,-0.13697,27.0908
2025-11-13,RXO,-0.13471,10.695
2025-11-13,USAR,-0.1276,14.761
2025-11-13,GLXY,-0.12632,27.32
2025-11-13,KRMN,-0.11699,59.815
2025-11-13,MIR,-0.11682,24.155
2025-11-13,LTBR,-0.11409,17.86
2025-11-13,IMSR,-0.11313,11.955
2025-11-13,RMBS,-0.10997,90.97
2025-11-13,MARA,-0.10904,12.8387
2025-11-13,XMTR,-0.10425,58.815
2025-11-13,ASPI,-0.10148,7.9699
2025-11-13,CMPS,-0.1002,5.2728
2025-11-13,UNIT,-0.09955,6.06
2025-11-13,ARQQ,-0.09499,27.44
2025-11-13,METC,-0.0949,22.0301
2025-11-13,LGN,-0.09292,33.29
2025-11-13,CRML,-0.08908,8.845
2025-11-13,NTLA,-0.08746,8.66
2025-11-13,ECG,-0.08384,91.24
2025-11-13,ARRY,-0.08323,7.71
2025-11-14,DGNX,-0.22222,10.5
2025-11-14,CLSX,-0.16852,22.45
2025-11-14,DFDV,-0.15526,6.91
2025-11-14,EOSE,-0.09536,13.755
2025-11-14,BTQ,-0.09151,5.46
2025-11-14,BABX,-0.08996,39.96
2025-11-14,BAIG,-0.08827,13.2299
2025-11-14,KODK,-0.08396,7.31
2025-11-17,MENS,-0.21707,29.9
2025-11-17,ROCK,-0.19434,47.655
2025-11-17,LB,-0.17022,61.8498
2025-11-17,ASTX,-0.15608,30.17
2025-11-17,FLY,-0.15556,19.38
2025-11-17,NVTX,-0.13255,28.6088
2025-11-17,CTEV,-0.12043,38.05
2025-11-17,XPEV,-0.10916,22.28
2025-11-17,SPRY,-0.1078,7.325
2025-11-17,ASPI,-0.10419,7.265
2025-11-17,RHLD,-0.09443,150.0525
2025-11-17,QCML,-0.09134,20.145
2025-11-17,GEMI,-0.09091,11.5
2025-11-17,PTRN,-0.08935,15.9
2025-11-17,FWDI,-0.08662,8.33
2025-11-17,WW,-0.08057,24.935
2025-11-17,CLPT,-0.08036,14.19
2025-11-18,SMX,-0.30179,5.865
2025-11-18,ENGN,-0.14144,6.92
2025-11-18,KLAR,-0.10393,31.255
2025-11-18,VOR,-0.09381,9.08
2025-11-18,AMZZ,-0.08546,29.75
2025-11-19,MSTX,-0.22179,6.07
2025-11-19,DGNX,-0.15617,13.67
2025-11-19,CCOI,-0.14713,16.8996
2025-11-19,VOR,-0.14679,7.7813
2025-11-19,SLMT,-0.14318,5.715
2025-11-19,WKEY,-0.14057,8.431
2025-11-19,METC,-0.12912,17.435
2025-11-19,POWL,-0.12346,281.7156
2025-11-19,IRE,-0.1175,10.44
2025-11-19,RIGL,-0.09303,41.92
2025-11-19,ARCT,-0.08384,6.065
2025-11-20,IONL,-0.2992,29.9801
2025-11-20,OKLL,-0.27609,29.34
2025-11-20,ASTX,-0.25198,23.5702
2025-11-20,ROBN,-0.21839,52.1038
2025-11-20,SNDK,-0.21626,192.7699
2025-11-20,NBIL,-0.21512,10.07
2025-11-20,UTI,-0.20244,23.52
2025-11-20,CSIQ,-0.18802,21.42
2025-11-20,DMRA,-0.17265,16.82
2025-11-20,AMDL,-0.15918,14.7901
2025-11-20,ONDS,-0.15733,6.32
2025-11-20,UUUU,-0.1417,13.295
2025-11-20,LITE,-0.14108,230.98
2025-11-20,USAR,-0.14024,12.2945
2025-11-20,BTQ,-0.13821,5.955
2025-11-20,PRAX,-0.13416,163.92
2025-11-20,BKKT,-0.13383,14.7076
2025-11-20,SMCX,-0.13267,14.5019
2025-11-20,NVA,-0.13155,7.79
2025-11-20,ORCX,-0.13104,21.22
2025-11-20,GDXU,-0.12357,153.2
2025-11-20,SUPX,-0.11834,39.41
2025-11-20,MU,-0.11458,200.0387
2025-11-20,UAMY,-0.11202,5.985
2025-11-20,ASPI,-0.10933,6.68
2025-11-20,CLS,-0.10727,278.96
2025-11-20,HUT,-0.10482,33.605
2025-11-20,CRML,-0.10373,7.215
2025-11-20,IRE,-0.10318,9.3
2025-11-20,DDOG,-0.09903,158.85
2025-11-20,BAIG,-0.09689,10.8998
2025-11-20,SGML,-0.09553,9.3703
2025-11-20,DQ,-0.09213,28.38
2025-11-20,UPSX,-0.09198,6.91
2025-11-20,BETR,-0.08973,44.23
2025-11-20,LGN,-0.08834,40.505
2025-11-20,HYMC,-0.08481,9.82
2025-11-20,XMTR,-0.08424,55.275
2025-11-20,LB,-0.0839,59.2168
2025-11-20,KLAR,-0.08281,27.91
2025-11-20,RDW,-0.08212,5.03
2025-11-20,NKTR,-0.08202,55.4
2025-11-20,HRTG,-0.08151,26.03
2025-11-20,FRMM,-0.08091,10.45
2025-11-21,UVIX,-0.10742,11.55
2025-11-21,CORD,-0.09157,55.06
2025-11-24,QBTZ,-0.27138,20.008
2025-11-24,ETHD,-0.17929,55.023
2025-11-24,GDXD,-0.1614,13.275
2025-11-24,TSLZ,-0.14156,14.2391
2025-11-24,UVIX,-0.13149,10.04
2025-11-24,TNXP,-0.11366,14.27
2025-11-25,MENS,-0.13475,30.63
2025-11-26,KZIA,-0.2025,10.2
2025-11-26,AMBA,-0.18391,74.24
2025-11-26,GDXD,-0.15532,11.04
2025-11-26,CRCD,-0.08883,49.9
2025-11-28,KOLD,-0.09571,25.32
2025-12-01,RGTU,-0.14841,21.5018
2025-12-01,CTEV,-0.13205,46.93
2025-12-01,QNRX,-0.10759,19.41
2025-12-01,CORD,-0.10589,47.79
2025-12-01,GRAL,-0.10569,98.7225
2025-12-01,UAMY,-0.09329,5.54
2025-12-01,LXEO,-0.09026,8.97
2025-12-01,EOSE,-0.08771,13.73
2025-12-01,TEMT,-0.08102,23.9413
2025-12-01,PVLA,-0.08026,94.54
2025-12-01,NVA,-0.0801,8.785
2025-12-02,JANX,-0.53104,15.94
2025-12-02,LABX,-0.26939,12.15
2025-12-02,IRE,-0.26393,8.1925
2025-12-02,SYM,-0.21055,67.34
2025-12-02,URGN,-0.14301,24.39
2025-12-02,LENZ,-0.10099,27.33
2025-12-02,NKTR,-0.09638,55.22
2025-12-03,P,-0.27528,68.6458
2025-12-03,QBTZ,-0.22395,16.0097
2025-12-03,CRCD,-0.2205,32.7001
2025-12-03,FLYE,-0.20393,8.51
2025-12-03,OMDA,-0.12358,16.17
2025-12-03,CTEV,-0.11143,40.03
2025-12-03,STNE,-0.09577,15.7763
2025-12-03,CSIQ,-0.08915,23.55
2025-12-03,LABD,-0.08362,21.7607
2025-12-04,RGTZ,-0.30133,15.28
2025-12-04,HOV,-0.22518,103.81
2025-12-04,SUPX,-0.20981,18.53
2025-12-04,SYM,-0.18014,60.03
2025-12-04,INTW,-0.16297,51.894
2025-12-04,DGNX,-0.089,9.11
2025-12-04,LUMN,-0.08046,8.8
2025-12-04,CTEV,-0.08035,36.74
2025-12-05,BW,-0.15185,5.725
2025-12-05,S,-0.14526,14.505
2025-12-05,SMU,-0.12314,25.35
2025-12-05,NVA,-0.11224,9.215
2025-12-05,PSKY,-0.10722,13.2326
2025-12-05,DOCS,-0.10622,45.86
2025-12-05,FRMM,-0.10433,10.56
2025-12-05,XRPT,-0.08141,6.208
2025-12-08,BOIL,-0.16071,36.61
2025-12-08,OMDA,-0.10349,15.68
2025-12-08,ACHC,-0.09987,13.925
2025-12-09,PHR,-0.22962,15.5
2025-12-09,DYN,-0.17545,18.305
2025-12-09,CRCD,-0.12895,30.06
2025-12-09,GDXD,-0.10914,10.53
2025-12-09,CORD,-0.10451,33.0706
2025-12-09,BOIL,-0.10364,32.78
2025-12-09,SMMT,-0.08027,17.13
2025-12-09,NRIX,-0.08011,19.75
2025-12-10,XCUR,-0.2716,5.31
2025-12-10,EVTL,-0.17376,6.015
2025-12-10,AHMA,-0.13822,6.11
2025-12-10,AVAV,-0.13244,244.15
2025-12-10,DGNX,-0.1143,8.485
2025-12-10,IREX,-0.11104,14.81
2025-12-10,DNLI,-0.10468,17.602
2025-12-10,OPEX,-0.10161,21.22
2025-12-10,APLX,-0.09484,93.06
2025-12-10,ONDS,-0.09281,8.3734
2025-12-10,TMC,-0.09173,7.03
2025-12-11,ENVB,-0.478,5.3923
2025-12-11,HOOG,-0.1848,73.4382
2025-12-11,WVE,-0.17449,16.7
2025-12-11,QBTZ,-0.11219,11.1153
2025-12-11,NKTR,-0.09759,52.105
2025-12-12,OKLL,-0.29293,26.296
2025-12-12,LABX,-0.28898,12.45
2025-12-12,AVGX,-0.24783,51.0448
2025-12-12,CWVX,-0.19886,28.6827
2025-12-12,APLX,-0.18251,74.0501
2025-12-12,BMNU,-0.182,8.36
2025-12-12,BGDE,-0.16393,5.1
2025-12-12,AFJK,-0.16123,30.07
2025-12-12,MOD,-0.15013,140.39
2025-12-12,SNDK,-0.14739,206.0
2025-12-12,FLNC,-0.13763,22.2405
2025-12-12,GEMI,-0.12175,13.165
2025-12-12,AAOI,-0.11977,31.97
2025-12-12,MVLL,-0.1151,21.45
2025-12-12,FLYE,-0.10493,7.08
2025-12-12,HPP,-0.09843,12.09
2025-12-12,GOGO,-0.09735,5.1
2025-12-12,BOIL,-0.09502,27.095
2025-12-12,CSIQ,-0.09365,22.84
2025-12-12,TMC,-0.09159,6.695
2025-12-12,PLAB,-0.0908,36.0678
2025-12-12,POET,-0.09072,6.565
2025-12-12,WULF,-0.08844,14.43
2025-12-12,RDTL,-0.08711,47.89
2025-12-12,TSSI,-0.08675,7.58
2025-12-15,APLX,-0.35583,47.25
2025-12-15,CLSX,-0.30832,22.905
2025-12-15,TGL,-0.28172,6.17
2025-12-15,IREX,-0.23499,9.2567
2025-12-15,ASTX,-0.22551,38.74
2025-12-15,ZBIO,-0.20337,32.3351
2025-12-15,QUBX,-0.1827,26.08
2025-12-15,CWVX,-0.15407,24.1319
2025-12-15,FRMI,-0.14881,8.5885
2025-12-15,FRMM,-0.12571,6.92
2025-12-15,XXRP,-0.12061,10.9403
2025-12-15,AEVA,-0.10681,14.3
2025-12-15,CRML,-0.10565,8.2101
2025-12-15,CRCL,-0.09692,75.38
2025-12-15,SOFX,-0.09642,31.9197
2025-12-15,CGEM,-0.09312,10.81
2025-12-15,CC,-0.08692,11.8307
2025-12-15,HOOG,-0.08633,63.0467
2025-12-15,VERI,-0.08243,5.221
2025-12-15,NEGG,-0.08016,57.03
2025-12-16,IONZ,-0.14583,21.32
2025-12-16,AXTI,-0.11065,13.189
2025-12-17,OKLL,-0.19643,18.9
2025-12-17,QUBX,-0.17945,22.6225
2025-12-17,BDRX,-0.16062,5.456
2025-12-17,HNRG,-0.14275,17.505
2025-12-17,IMNM,-0.135,20.3101
2025-12-17,NBIL,-0.12558,7.6599
2025-12-17,ORCX,-0.11546,14.48
2025-12-17,GSAT,-0.11287,56.51
2025-12-17,STRL,-0.10801,284.66
2025-12-17,WULF,-0.10624,11.61
2025-12-17,SOXL,-0.10603,36.1901
2025-12-17,GLUE,-0.10289,16.74
2025-12-17,GEV,-0.10228,616.0334
2025-12-17,BETR,-0.09632,35.135
2025-12-17,FLYE,-0.09362,6.39
2025-12-17,SOFX,-0.09057,30.3741
2025-12-17,NKTR,-0.09032,44.72
2025-12-17,PLRZ,-0.08933,10.1904
2025-12-17,TSLR,-0.08475,35.1
2025-12-17,GEMI,-0.08258,11.11
2025-12-17,BKSY,-0.08208,16.495
2025-12-18,MSOX,-0.46699,5.458
2025-12-18,BOIL,-0.10708,23.725
2025-12-18,SOLT,-0.08954,5.8039
2025-12-18,FRMI,-0.08554,8.285
2025-12-19,CORD,-0.45855,29.8609
2025-12-19,LW,-0.25548,44.1654
2025-12-19,QBTZ,-0.16105,11.2
2025-12-19,AHMA,-0.12771,7.65
2025-12-19,SMCZ,-0.11884,53.2399
2025-12-22,QBTZ,-0.37845,6.98
2025-12-22,AMCI,-0.28571,6.9
2025-12-22,PLRZ,-0.18558,7.68
2025-12-22,DJT,-0.10131,14.46
2025-12-22,XXI,-0.08838,10.4289
2025-12-23,KOLD,-0.14712,32.87
2025-12-23,INBX,-0.11766,77.2225
2025-12-23,XXI,-0.09399,9.495
2025-12-23,BLLN,-0.09368,87.27
2025-12-23,OMER,-0.08202,8.73
2025-12-24,ASTX,-0.1866,47.21
2025-12-26,RGTX,-0.17648,12.5501
2025-12-26,RKLX,-0.16113,47.2658
2025-12-26,APLX,-0.13368,49.3649
2025-12-26,AAOI,-0.08951,37.33
2025-12-29,FLYE,-0.12829,5.3
2025-12-29,UAMY,-0.10096,5.61
2025-12-29,IMSR,-0.08163,6.3
2025-12-30,CORT,-0.11726,70.46
2025-12-31,AFJK,-0.19926,66.125
2025-12-31,NUTX,-0.09842,164.29
2026-01-02,BMNZ,-0.29385,16.87
2026-01-02,CTEV,-0.20433,34.015
2026-01-02,QBTZ,-0.15058,8.112
2026-01-02,VOR,-0.10436,11.715
2026-01-02,MUD,-0.10093,5.25
2026-01-02,KROS,-0.09627,18.4
2026-01-05,CTEV,-0.12216,29.75
2026-01-05,SOC,-0.11466,10.385
2026-01-05,AAOI,-0.11212,35.16
2026-01-05,DBVT,-0.11076,16.94
2026-01-05,BRBR,-0.08317,23.92
2026-01-06,GDXD,-0.11429,6.82
2026-01-06,OMER,-0.10519,13.78
2026-01-06,INFQ,-0.08732,16.985
2026-01-07,PENG,-0.14803,18.36
2026-01-07,VSAT,-0.12172,38.1699
2026-01-07,FSLR,-0.10626,240.22
2026-01-07,IREX,-0.08926,13.1967
2026-01-07,MOD,-0.08637,118.745
2026-01-08,SION,-0.15274,36.61
2026-01-08,LEU,-0.10976,287.52
2026-01-08,LGN,-0.09975,43.5
2026-01-08,COHR,-0.09339,173.725
2026-01-08,PLAB,-0.09208,31.65
2026-01-08,TE,-0.08173,6.685
2026-01-09,BOIL,-0.13502,15.76
2026-01-09,HIMZ,-0.124,5.475
2026-01-09,CAPR,-0.08885,23.28
2026-01-09,CTEV,-0.08843,28.45
2026-01-09,RIGL,-0.08247,40.83
2026-01-09,HROW,-0.08053,46.93
2026-01-12,CORD,-0.27928,21.91
2026-01-12,MNTS,-0.18941,10.1
2026-01-12,SPRY,-0.1317,11.34
2026-01-12,YANG,-0.09693,20.77
2026-01-13,RGC,-0.24377,33.3571
2026-01-13,OKLL,-0.10626,29.27
2026-01-13,FLY,-0.08574,27.83
2026-01-13,ENOV,-0.08497,24.66
2026-01-14,DAVE,-0.13083,184.02
2026-01-14,HNRG,-0.10233,18.51
2026-01-14,TDUP,-0.09175,5.395
2026-01-14,LITE,-0.08704,329.88
2026-01-14,RGTZ,-0.0819,15.47
2026-01-15,RDTL,-0.19921,47.8472
2026-01-15,AFJK,-0.18594,46.0678
2026-01-15,ROBN,-0.1558,50.77
2026-01-15,ZBIO,-0.12522,19.735
2026-01-15,FDMT,-0.12443,7.67
2026-01-15,IONL,-0.12091,36.5
2026-01-15,EBS,-0.12041,11.03
2026-01-15,RCUS,-0.11217,21.805
2026-01-15,SMU,-0.09326,17.355
2026-01-15,SOLT,-0.09172,8.1259
2026-01-15,WW,-0.08455,23.82
2026-01-16,ROLR,-0.26232,17.52
2026-01-16,AHMA,-0.19605,23.62
2026-01-16,APPX,-0.1422,24.07
2026-01-16,AXTI,-0.12675,22.46
2026-01-16,BETR,-0.09092,33.345
2026-01-20,SDEV,-0.54773,6.68
2026-01-20,ANPA,-0.27253,72.5
2026-01-20,RKLX,-0.15123,62.1
2026-01-20,GLSI,-0.1463,21.24
2026-01-20,SMU,-0.12733,17.34
2026-01-20,CONL,-0.11963,14.35
2026-01-20,SG,-0.11735,7.0347
2026-01-20,VNET,-0.11562,9.3346
2026-01-20,ORCX,-0.11503,14.54
2026-01-20,DUST,-0.11313,5.0997
2026-01-20,JACK,-0.09965,20.69
2026-01-20,RBLX,-0.09951,78.595
2026-01-20,SERV,-0.09538,13.42
2026-01-20,STUB,-0.08937,14.57
2026-01-20,MNTS,-0.08884,8.0
2026-01-20,TSLT,-0.08717,22.83
2026-01-20,TSMX,-0.0848,56.6423
2026-01-21,BBNX,-0.10309,16.53
2026-01-21,IDR,-0.09229,42.045
2026-01-21,ANPA,-0.08549,65.0125
2026-01-22,ANPA,-0.1856,56.2341
2026-01-22,POET,-0.16368,7.0
2026-01-22,INSP,-0.15338,81.445
2026-01-22,LVLU,-0.12757,21.2
2026-01-22,AXTI,-0.09711,17.8591
2026-01-23,VELO,-0.16643,15.071
2026-01-23,SOC,-0.14847,10.559
2026-01-23,RGNX,-0.13079,13.89
2026-01-23,AEVA,-0.12882,15.9338
2026-01-23,LPTH,-0.12417,12.5506
2026-01-23,MBX,-0.12338,37.16
2026-01-23,DPST,-0.10305,111.8066
2026-01-23,OUST,-0.09545,24.64
2026-01-23,FORM,-0.09173,73.57
2026-01-23,RCAT,-0.08986,15.8
2026-01-23,TEMT,-0.08923,13.5067
2026-01-23,CRSP,-0.08806,55.455
2026-01-23,UMAC,-0.08464,16.751
2026-01-26,METC,-0.20635,22.0
2026-01-26,RKLX,-0.18812,50.15
2026-01-26,LPTH,-0.18328,10.16
2026-01-26,TMC,-0.18061,7.735
2026-01-26,DPRO,-0.16092,8.03
2026-01-26,QBTX,-0.15949,25.77
2026-01-26,IMSR,-0.14685,10.579
2026-01-26,BDSX,-0.1448,10.04
2026-01-26,BLMN,-0.13424,6.675
2026-01-26,ASPI,-0.12618,7.41
2026-01-26,NB,-0.12403,6.745
2026-01-26,INTW,-0.11692,52.14
2026-01-26,IDR,-0.11504,41.31
2026-01-26,BEX,-0.10494,22.09
2026-01-26,SGML,-0.10448,13.2
2026-01-26,AEVA,-0.09785,14.245
2026-01-26,VOYG,-0.09369,33.615
2026-01-26,QCLS,-0.09347,5.14
2026-01-26,ONDS,-0.09326,11.035
2026-01-26,LTBR,-0.09081,16.02
2026-01-26,FJET,-0.09014,9.69
2026-01-26,CHRN,-0.08783,7.945
2026-01-26,CRDU,-0.08453,11.48
2026-01-26,MRAM,-0.08163,12.995
2026-01-27,SANM,-0.21661,143.0
2026-01-27,LVLU,-0.197,18.75
2026-01-27,NN,-0.18182,14.4
2026-01-27,ELV,-0.14617,321.8343
2026-01-27,ACHC,-0.12541,13.32
2026-01-27,PAR,-0.12096,27.76
2026-01-27,BMNZ,-0.11178,17.045
2026-01-27,DJCO,-0.09879,581.13
2026-01-27,CRK,-0.09161,22.41
2026-01-28,ALT,-0.17961,5.07
2026-01-28,LVLU,-0.15994,16.02
2026-01-28,GLSI,-0.136,29.0
2026-01-28,CNXC,-0.1215,36.5488
2026-01-28,NET,-0.10255,184.83
2026-01-28,RLAY,-0.09882,7.66
2026-01-28,ORIC,-0.09546,10.954
2026-01-28,POET,-0.08542,6.21
2026-01-28,PLTU,-0.08475,57.4384
2026-01-28,IA,-0.0813,19.55
2026-01-28,GLUE,-0.08009,21.25
2026-01-29,BNAI,-0.1746,52.0
2026-01-29,HAPN,-0.1533,16.57
2026-01-29,HYMC,-0.13755,44.5801
2026-01-29,KVYO,-0.13603,22.23
2026-01-29,TMQ,-0.13299,5.965
2026-01-29,TTAN,-0.13041,79.628
2026-01-29,IMSR,-0.12104,9.15
2026-01-29,GEMI,-0.10636,8.15
2026-01-29,FIG,-0.10529,26.895
2026-01-29,DDOG,-0.10266,126.13
2026-01-29,RCAT,-0.09524,14.82
2026-01-29,PONY,-0.09337,14.225
2026-01-29,RUN,-0.08851,19.515
2026-01-29,XXI,-0.08643,7.61
2026-01-29,PI,-0.08384,148.015
2026-01-30,GDXU,-0.39655,279.18
2026-01-30,KOLD,-0.2347,13.63
2026-01-30,CVCO,-0.20288,492.22
2026-01-30,NG,-0.18224,8.979
2026-01-30,HLSQ,-0.18156,5.77
2026-01-30,PPTA,-0.17002,26.609
2026-01-30,TBBK,-0.15851,59.35
2026-01-30,TMQ,-0.15724,5.065
2026-01-30,SGML,-0.15657,10.72
2026-01-30,ARIS,-0.15584,17.28
2026-01-30,KLAC,-0.15103,1430.2485
2026-01-30,OKLL,-0.15043,18.75
2026-01-30,HL,-0.14715,22.44
2026-01-30,INOD,-0.13757,55.075
2026-01-30,AUGO,-0.13399,64.6972
2026-01-30,IDR,-0.12888,35.96
2026-01-30,AMUU,-0.12821,64.4554
2026-01-30,PTRN,-0.12657,13.94
2026-01-30,ASPI,-0.12294,6.3499
2026-01-30,OUST,-0.12266,20.6
2026-01-30,WYFI,-0.12262,19.3198
2026-01-30,TEMT,-0.12128,11.23
2026-01-30,UAMY,-0.11882,7.305
2026-01-30,LENZ,-0.11755,15.69
2026-01-30,TMC,-0.11518,6.645
2026-01-30,CMCL,-0.11089,27.3382
2026-01-30,SEZL,-0.104,63.1767
2026-01-30,AI,-0.10278,10.9999
2026-01-30,QS,-0.10147,8.855
2026-01-30,WOLF,-0.09867,15.62
2026-01-30,NEXA,-0.09767,12.509
2026-01-30,NAVN,-0.09518,11.455
2026-01-30,KOD,-0.09516,23.01
2026-01-30,HIMS,-0.0924,27.11
2026-01-30,RILY,-0.0913,8.36
2026-01-30,TROX,-0.08796,6.0651
2026-01-30,OPEN,-0.08692,5.095
2026-01-30,FRMI,-0.08608,8.865
2026-01-30,ALMS,-0.08066,24.675
2026-02-02,ETHU,-0.26947,30.979
2026-02-02,RKLX,-0.15096,41.45
2026-02-02,MNTS,-0.12444,6.2865
2026-02-02,FCEL,-0.10134,7.36
2026-02-02,CRDU,-0.09908,9.8193
2026-02-02,DXYZ,-0.09758,30.98
2026-02-02,CWVX,-0.08925,31.5075
2026-02-03,NVOX,-0.29542,20.01
2026-02-03,CRVL,-0.261,51.545
2026-02-03,NIQ,-0.19439,12.2775
2026-02-03,MGNI,-0.18137,11.51
2026-02-03,EXLS,-0.17475,32.82
2026-02-03,EXPE,-0.16315,231.5333
2026-02-03,VERX,-0.15187,15.86
2026-02-03,CSGP,-0.15087,51.95
2026-02-03,JJSF,-0.14749,81.1593
2026-02-03,MMYT,-0.13671,54.9313
2026-02-03,WPP,-0.13147,17.9084
2026-02-03,MOVE,-0.12495,12.9996
2026-02-03,GTM,-0.11759,6.8916
2026-02-03,OMDA,-0.11642,13.13
2026-02-03,PRCH,-0.11436,6.97
2026-02-03,TTAN,-0.10866,66.36
2026-02-03,SHOP,-0.10272,118.62
2026-02-03,PAR,-0.08962,22.45
2026-02-03,OCUL,-0.08142,8.405
2026-02-04,AHMA,-0.76247,6.86
2026-02-04,NUTX,-0.19544,124.28
2026-02-04,BW,-0.15695,9.4
2026-02-04,SNDK,-0.15215,589.69
2026-02-04,MNPR,-0.11197,59.4
2026-02-04,APH,-0.11126,130.7036
2026-02-04,INBS,-0.09447,6.71
2026-02-05,CLSX,-0.35396,9.6324
2026-02-05,FLNC,-0.35392,18.73
2026-02-05,GENI,-0.27225,6.215
2026-02-05,CONL,-0.26637,5.715
2026-02-05,ONDL,-0.26541,15.97
2026-02-05,APLX,-0.23926,55.24
2026-02-05,ROBN,-0.21832,20.91
2026-02-05,NEBX,-0.20824,20.065
2026-02-05,NUTX,-0.19873,100.2387
2026-02-05,GDXU,-0.19433,259.0
2026-02-05,CRML,-0.18841,10.575
2026-02-05,OKLL,-0.18015,10.904
2026-02-05,NVOX,-0.16601,14.745
2026-02-05,GLXY,-0.16443,16.845
2026-02-05,MMS,-0.16072,78.6264
2026-02-05,PTIR,-0.15492,13.31
2026-02-05,INFQ,-0.15288,10.75
2026-02-05,ORCX,-0.14979,8.06
2026-02-05,NB,-0.14168,5.725
2026-02-05,AMPX,-0.14153,10.645
2026-02-05,BKKT,-0.13781,10.01
2026-02-05,UHAL.B,-0.13691,45.9613
2026-02-05,NVCR,-0.13581,9.99
2026-02-05,SRPT,-0.13127,17.14
2026-02-05,USAR,-0.12643,20.555
2026-02-05,UMAC,-0.12569,11.13
2026-02-05,DJT,-0.12365,10.915
2026-02-05,XXI,-0.12278,5.93
2026-02-05,NUAI,-0.1181,5.115
2026-02-05,NTSK,-0.11442,11.61
2026-02-05,PTRN,-0.11406,11.34
2026-02-05,PSNL,-0.11191,7.38
2026-02-05,SHOO,-0.11062,34.4787
2026-02-05,STUB,-0.10999,10.155
2026-02-05,OMDA,-0.10807,12.05
2026-02-05,ERO,-0.10792,31.4368
2026-02-05,NTLA,-0.1068,11.04
2026-02-05,LABU,-0.10649,149.485
2026-02-05,WYFI,-0.10632,14.4151
2026-02-05,MSFU,-0.10334,26.5474
2026-02-05,OSS,-0.10268,8.04
2026-02-05,UPB,-0.10058,26.425
2026-02-05,JOBY,-0.09971,9.345
2026-02-05,KVYO,-0.09884,18.69
2026-02-05,NVTS,-0.09756,7.4
2026-02-05,SG,-0.09754,5.875
2026-02-05,WRBY,-0.09689,23.815
2026-02-05,NAVN,-0.09675,9.99
2026-02-05,BWIN,-0.09408,18.68
2026-02-05,IDR,-0.09363,34.56
2026-02-05,UPST,-0.08966,34.52
2026-02-05,IMNM,-0.08879,24.065
2026-02-05,ENPH,-0.08782,47.1325
2026-02-05,AMDL,-0.08735,11.545
2026-02-05,BBAR,-0.08707,17.1395
2026-02-05,PAR,-0.08697,21.52
2026-02-05,OLN,-0.08515,23.2765
2026-02-05,PVLA,-0.08499,75.04
2026-02-05,QS,-0.08422,7.775
2026-02-05,CTMX,-0.08201,5.205
2026-02-05,LMND,-0.08196,68.1
2026-02-05,CRVS,-0.08165,19.12
2026-02-05,U,-0.08099,22.92
2026-02-05,OPRA,-0.08067,11.7289
2026-02-05,HTFL,-0.0804,25.8776
2026-02-06,MSTZ,-0.52328,13.31
2026-02-06,QBTZ,-0.43132,9.7813
2026-02-06,CORD,-0.39237,17.05
2026-02-06,NVDQ,-0.17037,16.07
2026-02-06,UVIX,-0.12707,5.805
2026-02-06,TECS,-0.12069,17.9998
2026-02-06,LABD,-0.12068,18.4687
2026-02-06,TZA,-0.11048,5.9504
2026-02-06,TSLZ,-0.08473,13.395
2026-02-06,AMDD,-0.0842,9.1307
2026-02-09,GDXD,-0.175,38.775
2026-02-09,CORD,-0.16507,13.91
2026-02-09,BOIL,-0.15978,18.51
2026-02-09,GSHD,-0.12015,58.22
2026-02-09,ASTH,-0.11422,18.69
2026-02-09,BWIN,-0.08891,17.83
2026-02-09,ELF,-0.08868,74.81
2026-02-10,GILT,-0.22833,14.87
2026-02-10,OKLL,-0.15206,13.194
2026-02-10,IREX,-0.10949,10.98
2026-02-10,HIMS,-0.10267,17.3453
2026-02-10,DNA,-0.0936,9.2
2026-02-11,LABX,-0.4352,9.5
2026-02-11,RPD,-0.30029,7.27
2026-02-11,BNAI,-0.19038,17.415
2026-02-11,ZG,-0.18376,44.42
2026-02-11,LYFT,-0.17003,13.985
2026-02-11,SAIC,-0.16274,81.9883
2026-02-11,EFOR,-0.14066,42.4
2026-02-11,CWK,-0.13819,13.97
2026-02-11,HPP,-0.12991,6.43
2026-02-11,KRMN,-0.12537,79.81
2026-02-11,SDGR,-0.12399,11.94
2026-02-11,ASST,-0.11874,8.09
2026-02-11,ETSY,-0.11816,47.69
2026-02-11,VIA,-0.11079,18.54
2026-02-11,PATH,-0.10193,11.63
2026-02-11,CHYM,-0.09507,20.56
2026-02-11,ULCC,-0.08641,5.445
2026-02-11,GEMI,-0.08299,6.685
2026-02-11,LCID,-0.08144,10.0307
2026-02-12,APPX,-0.39232,8.55
2026-02-12,USAX,-0.27877,22.69
2026-02-12,ASTI,-0.27715,6.5201
2026-02-12,AGQ,-0.21582,126.88
2026-02-12,UTZ,-0.19146,8.999
2026-02-12,SMU,-0.18934,8.52
2026-02-12,HOOG,-0.1733,19.4605
2026-02-12,AEHR,-0.17223,28.02
2026-02-12,TYL,-0.15559,286.465
2026-02-12,XMTR,-0.15446,53.785
2026-02-12,AMN,-0.1479,16.65
2026-02-12,NEU,-0.14358,597.5754
2026-02-12,NSP,-0.13665,25.8988
2026-02-12,BTDR,-0.13428,10.38
2026-02-12,PRGS,-0.13138,35.57
2026-02-12,RDW,-0.12597,7.875
2026-02-12,UPB,-0.11981,12.93
2026-02-12,MOVE,-0.11728,11.9694
2026-02-12,HL,-0.11655,20.93
2026-02-12,PLAY,-0.11451,15.505
2026-02-12,AFRM,-0.11319,50.14
2026-02-12,AAPU,-0.10942,30.2751
2026-02-12,GPRE,-0.10774,13.83
2026-02-12,GGAL,-0.10463,45.5937
2026-02-12,CWH,-0.10397,11.505
2026-02-12,TREE,-0.09305,38.21
2026-02-12,REAL,-0.09172,10.745
2026-02-12,ALB,-0.08899,159.8174
2026-02-12,GOLD,-0.08407,57.5862
2026-02-12,RCUS,-0.0831,19.585
2026-02-12,FNGU,-0.08192,17.82
2026-02-12,FUN,-0.0819,16.535
2026-02-12,BL,-0.08138,38.49
2026-02-13,UPB,-0.32422,8.65
2026-02-13,IONZ,-0.19087,25.18
2026-02-13,NVCR,-0.1241,10.975
2026-02-13,CRMX,-0.10757,6.72
2026-02-13,TVTX,-0.09984,27.545
2026-02-13,FA,-0.09571,9.495
2026-02-13,IBRX,-0.09517,5.99
2026-02-13,QURE,-0.08762,20.41
2026-02-17,CRSR,-0.17747,5.585
2026-02-17,GPC,-0.14322,126.0793
2026-02-17,REPL,-0.0832,7.3069
2026-02-18,COCO,-0.13102,49.115
2026-02-18,SCO,-0.08609,14.915
2026-02-19,KLAR,-0.27441,13.75
2026-02-19,TCMD,-0.1292,28.78
2026-02-19,SMX,-0.11239,41.38
2026-02-19,CABO,-0.09172,103.935
2026-02-19,GSHD,-0.08432,43.385
2026-02-20,FROG,-0.24766,37.835
2026-02-20,ONDL,-0.23811,21.15
2026-02-20,ARDX,-0.15801,5.675
2026-02-20,FJET,-0.1575,9.04
2026-02-20,AKAM,-0.1428,93.94
2026-02-20,VELO,-0.11598,9.07
2026-02-20,OLED,-0.11421,103.7445
2026-02-20,FIGR,-0.10872,29.35
2026-02-20,TNET,-0.09598,38.5814
2026-02-20,QLYS,-0.09399,93.5
2026-02-20,CRWD,-0.08205,387.52
2026-02-20,SGML,-0.08156,12.5
2026-02-23,BLLN,-0.14844,72.74
2026-02-23,TREE,-0.1448,33.31
2026-02-23,CONL,-0.14054,6.36
2026-02-23,RNG,-0.13057,34.3387
2026-02-23,MDB,-0.12504,301.475
2026-02-23,NTSK,-0.12488,9.215
2026-02-23,TNET,-0.11858,33.921
2026-02-23,HTFL,-0.11653,22.175
2026-02-23,COMP,-0.11359,9.13
2026-02-23,DNOW,-0.10998,11.775
2026-02-23,IREZ,-0.10777,26.99
2026-02-23,LMND,-0.10731,51.16
2026-02-23,PGY,-0.10513,10.64
2026-02-23,CAR,-0.10428,86.41
2026-02-23,NET,-0.09955,159.505
2026-02-23,INTA,-0.0994,19.66
2026-02-23,GDYN,-0.09912,6.135
2026-02-23,ROOT,-0.09741,54.625
2026-02-23,MANH,-0.09569,130.465
2026-02-23,W,-0.09505,73.69
2026-02-23,TEAM,-0.09489,68.77
2026-02-23,CNXC,-0.09473,29.7388
2026-02-23,EFOR,-0.09348,41.02
2026-02-23,KC,-0.09183,12.56
2026-02-23,SPT,-0.09027,6.45
2026-02-23,TDC,-0.08994,28.13
2026-02-23,ZBRA,-0.08886,232.715
2026-02-23,GLOB,-0.08643,41.86
2026-02-23,AGYS,-0.08583,71.89
2026-02-23,RH,-0.08574,189.92
2026-02-23,FVRR,-0.08476,10.69
2026-02-23,CAI,-0.08449,17.88
2026-02-23,INTR,-0.08378,8.475
2026-02-23,SMX,-0.08281,33.8349
2026-02-23,FA,-0.08274,9.035
2026-02-23,TFIN,-0.08121,57.25
2026-02-23,MAN,-0.08033,26.3551
2026-02-23,ARHS,-0.08012,8.4446
2026-02-24,SHLS,-0.30602,6.8704
2026-02-24,CECO,-0.23056,59.77
2026-02-24,FWRG,-0.20516,12.32
2026-02-24,WHR,-0.13953,71.5991
2026-02-24,IREZ,-0.1382,23.01
2026-02-25,CONI,-0.27546,67.1
2026-02-25,IBRX,-0.18686,9.3918
2026-02-25,RPGL,-0.14252,5.505
2026-02-25,OI,-0.13183,12.875
2026-02-25,APLX,-0.106,55.41
2026-02-25,CYD,-0.08755,43.7954
2026-02-26,NCI,-0.11875,5.64
2026-02-26,NVDL,-0.11451,83.28
2026-02-26,UCTT,-0.11297,59.715
2026-02-26,UFPT,-0.10193,215.68
2026-02-26,VYX,-0.09186,8.255
2026-02-27,RUN,-0.36312,13.005
2026-02-27,DNA,-0.30947,6.705
2026-02-27,FIGR,-0.25793,25.26
2026-02-27,PCT,-0.2461,6.1217
2026-02-27,AMPH,-0.24254,20.065
2026-02-27,BEX,-0.18213,24.3644
2026-02-27,ACA,-0.1686,106.0088
2026-02-27,SEZL,-0.14923,72.06
2026-02-27,ODD,-0.14312,11.795
2026-02-27,MLEC,-0.13773,13.21
2026-02-27,FJET,-0.13472,6.23
2026-02-27,CSIQ,-0.12989,17.35
2026-02-27,KEP,-0.12831,19.43
2026-02-27,SLM,-0.12185,18.7807
2026-02-27,ENVX,-0.11491,5.2663
2026-02-27,RH,-0.11473,165.2
2026-02-27,CLMT,-0.11416,26.77
2026-02-27,FCEL,-0.11411,8.035
2026-02-27,PGY,-0.10274,11.135
2026-02-27,ROOT,-0.09815,52.055
2026-02-27,FVRR,-0.08896,10.65
2026-02-27,QURE,-0.0856,15.65
2026-02-27,TBBK,-0.08045,52.58
2026-03-02,CRCD,-0.30435,8.5913
2026-03-02,MLEC,-0.24811,10.0001
2026-03-02,AVAV,-0.18397,205.8425
2026-03-02,AES,-0.17546,14.251
2026-03-02,ELF,-0.11917,81.08
2026-03-02,PHAT,-0.08181,11.5325
2026-03-02,RKT,-0.08164,16.705
2026-03-02,EL,-0.08097,100.603
2026-03-03,HROW,-0.27916,38.63
2026-03-03,INDO,-0.25074,5.05
2026-03-03,STNE,-0.199,13.6452
2026-03-03,LAR,-0.14945,6.8299
2026-03-03,RMBS,-0.11034,87.97
2026-03-03,NTLA,-0.10784,13.775
2026-03-04,IREZ,-0.26083,22.36
2026-03-04,RGTZ,-0.10701,19.36
2026-03-04,TPB,-0.08821,98.0815
2026-03-05,GO,-0.28498,6.285
2026-03-05,EYPT,-0.13722,15.53
2026-03-05,IE,-0.12407,13.717
2026-03-05,PSIX,-0.11342,53.1948
2026-03-05,PI,-0.11079,100.25
2026-03-05,ALK,-0.10114,43.46
2026-03-05,WOLF,-0.08014,18.94
2026-03-06,LITX,-0.28058,60.6801
2026-03-06,AXTI,-0.15788,32.67
2026-03-06,GAP,-0.14574,23.2292
2026-03-06,BE,-0.14013,137.57
2026-03-06,MEOH,-0.12849,49.7191
2026-03-06,SVIX,-0.125,16.835
2026-03-06,VICR,-0.11467,161.06
2026-03-06,TTMI,-0.11405,87.665
2026-03-06,VSXY,-0.11326,46.74
2026-03-06,FN,-0.09964,490.2
2026-03-06,UCTT,-0.09823,50.31
2026-03-06,PSNL,-0.09463,7.75
2026-03-06,AMSC,-0.08982,28.07
2026-03-06,CMCO,-0.08907,16.8002
2026-03-06,EOSE,-0.08705,6.135
2026-03-06,CLF,-0.08581,9.7636
2026-03-06,HRI,-0.0845,120.6149
2026-03-06,RDNT,-0.0843,61.05
2026-03-06,SYM,-0.08327,48.77
2026-03-06,XPO,-0.08188,189.325
2026-03-06,SPT,-0.08097,6.47
2026-03-09,BMNZ,-0.18407,21.41
2026-03-09,IREZ,-0.12876,26.8167
2026-03-09,PBF,-0.12827,37.7057
2026-03-09,SOXS,-0.1129,40.0699
2026-03-09,RCAT,-0.09238,13.941
2026-03-10,CNC,-0.15807,36.4722
2026-03-10,SMX,-0.13167,25.3899
2026-03-10,ODD,-0.13117,12.155
2026-03-10,FICO,-0.10492,1289.99
2026-03-10,ENLT,-0.10273,70.31
2026-03-11,FWRD,-0.16561,18.39
2026-03-11,CCUP,-0.08333,7.15
2026-03-12,PSNL,-0.16981,6.6
2026-03-12,ALOY,-0.1495,14.348
2026-03-12,LITX,-0.14675,24.71
2026-03-12,XMTR,-0.14068,36.375
2026-03-12,EMBJ,-0.12629,56.9611
2026-03-12,GRPN,-0.12319,9.715
2026-03-12,QBTX,-0.11789,12.57
2026-03-12,AEHR,-0.10978,37.79
2026-03-12,EVLV,-0.10917,5.1223
2026-03-12,INTW,-0.1082,56.044
2026-03-12,WGS,-0.10517,76.15
2026-03-12,SCO,-0.1023,8.6
2026-03-12,KLAR,-0.10103,14.77
2026-03-12,EQPT,-0.09701,25.97
2026-03-12,OKLL,-0.09538,9.2
2026-03-12,PHAT,-0.09511,10.085
2026-03-12,ANNX,-0.09469,5.459
2026-03-12,CDRE,-0.09377,31.9097
2026-03-12,ELF,-0.09356,72.47
2026-03-12,DYN,-0.09305,18.13
2026-03-12,AFRM,-0.08821,46.31
2026-03-12,OUST,-0.08818,22.5675
2026-03-12,NAIL,-0.08802,41.0492
2026-03-12,BORR,-0.08649,5.07
2026-03-12,CCOI,-0.08604,19.4996
2026-03-12,FTAI,-0.08349,238.2059
2026-03-12,ALMU,-0.08302,14.745
2026-03-12,PURR,-0.08219,5.36
2026-03-12,RIVN,-0.08048,15.31
2026-03-13,NCI,-0.29741,8.0025
2026-03-13,GDXU,-0.1787,233.9631
2026-03-13,ALOY,-0.16807,11.83
2026-03-13,ULTA,-0.14284,535.47
2026-03-13,VELO,-0.10696,13.86
2026-03-13,MEOH,-0.10455,51.992
2026-03-13,PVLA,-0.09553,123.55
2026-03-13,STOK,-0.09293,33.09
2026-03-13,AVGX,-0.08497,38.23
2026-03-13,WYFI,-0.08347,15.3702
2026-03-13,POET,-0.08266,6.825
2026-03-16,BATL,-0.21245,14.735
2026-03-16,BETR,-0.16125,28.895
2026-03-16,VIA,-0.13753,14.386
2026-03-16,FTH,-0.10936,28.75
2026-03-16,UVXY,-0.10499,46.8
2026-03-16,VNET,-0.0999,9.46
2026-03-16,HNRG,-0.09181,15.53
2026-03-17,BATL,-0.25819,11.09
2026-03-17,NBIL,-0.24459,12.91
2026-03-17,TME,-0.24337,11.4213
2026-03-17,CRDU,-0.23025,18.976
2026-03-17,CTMX,-0.18444,5.505
2026-03-17,SMTC,-0.11275,78.965
2026-03-18,NPT,-0.4781,8.22
2026-03-18,RKLX,-0.22732,32.105
2026-03-18,JNUG,-0.1397,193.7825
2026-03-18,OKLL,-0.1164,8.35
2026-03-18,UPB,-0.10837,8.6577
2026-03-18,QDEL,-0.10225,17.165
2026-03-18,CRVS,-0.10065,13.895
2026-03-18,RNA,-0.09768,12.425
2026-03-18,BITX,-0.09688,16.3199
2026-03-18,ARVN,-0.09575,10.86
2026-03-18,NAIL,-0.09486,39.4387
2026-03-18,ORIC,-0.09445,10.93
2026-03-18,VELO,-0.09132,13.93
2026-03-18,KOLD,-0.09118,18.64
2026-03-18,ASTX,-0.09108,46.9004
2026-03-18,KLAR,-0.09054,13.46
2026-03-18,UAMY,-0.08592,9.415
2026-03-18,SVIX,-0.08299,16.5979
2026-03-18,INFQ,-0.0807,9.91
2026-03-20,SMCX,-0.66616,7.2401
2026-03-20,COHX,-0.24809,26.55
2026-03-20,BEX,-0.20765,21.3301
2026-03-20,KORU,-0.19869,318.7788
2026-03-20,UMAC,-0.19731,14.93
2026-03-20,HIMZ,-0.19691,25.98
2026-03-20,SNXX,-0.18054,46.0761
2026-03-20,VNDA,-0.17035,7.1101
2026-03-20,AAOI,-0.16322,85.285
2026-03-20,TE,-0.15693,6.5001
2026-03-20,ALOY,-0.15515,11.98
2026-03-20,WDCX,-0.15295,32.72
2026-03-20,ASTX,-0.14485,42.33
2026-03-20,OSS,-0.14265,8.805
2026-03-20,RCAT,-0.14007,13.015
2026-03-20,RKLX,-0.135,29.41
2026-03-20,SMU,-0.13332,15.0975
2026-03-20,VST,-0.13196,145.0872
2026-03-20,AGQ,-0.1232,97.93
2026-03-20,PURR,-0.12308,5.13
2026-03-20,VICR,-0.11739,167.81
2026-03-20,VSAT,-0.11349,46.205
2026-03-20,UAMY,-0.10812,8.125
2026-03-20,BIOA,-0.10741,18.78
2026-03-20,BETA,-0.10136,14.1985
2026-03-20,NAIL,-0.10023,34.7439
2026-03-20,INTW,-0.09934,52.078
2026-03-20,LPTH,-0.09791,10.365
2026-03-20,HIMS,-0.09789,21.795
2026-03-20,HUN,-0.09788,10.3897
2026-03-20,CRML,-0.09731,7.5916
2026-03-20,UEC,-0.09714,11.99
2026-03-20,SGML,-0.09252,8.975
2026-03-20,METC,-0.09072,13.13
2026-03-20,YINN,-0.0891,31.0963
2026-03-20,XPEV,-0.08851,17.455
2026-03-20,DFEN,-0.08824,65.7884
2026-03-20,ALAB,-0.08755,115.115
2026-03-20,QDEL,-0.0869,15.13
2026-03-20,IPX,-0.08422,23.16
2026-03-20,MARA,-0.08351,8.45
2026-03-20,RUN,-0.08208,12.0064
2026-03-20,AVAV,-0.08204,194.01
2026-03-20,BRCB,-0.08119,14.995
2026-03-20,KDEF,-0.08091,52.71
2026-03-20,NIO,-0.08065,5.415
2026-03-20,BTDR,-0.08051,7.88
2026-03-23,PLTZ,-0.13099,25.01
2026-03-23,IONZ,-0.12362,19.78
2026-03-23,BEX,-0.11594,19.14
2026-03-23,QBTZ,-0.0824,41.8696
2026-03-24,BATL,-0.18276,9.055
2026-03-24,HSAI,-0.14228,20.225
2026-03-24,EL,-0.10429,71.0267
2026-03-24,VOYG,-0.1,25.155
2026-03-24,PATH,-0.09275,11.005
2026-03-24,BKSY,-0.08219,25.46
2026-03-25,SMCZ,-0.16618,42.7
2026-03-25,DAVE,-0.12437,180.73
2026-03-25,NTGR,-0.08514,22.3774
2026-03-26,LMRI,-0.29023,7.8501
2026-03-26,COHX,-0.23349,26.92
2026-03-26,BEX,-0.22269,16.58
2026-03-26,ONDL,-0.19738,16.55
2026-03-26,IRE,-0.19689,16.03
2026-03-26,RKLX,-0.18976,27.775
2026-03-26,QBTX,-0.18713,8.34
2026-03-26,ASTX,-0.16918,42.3468
2026-03-26,KORU,-0.16239,274.3289
2026-03-26,METU,-0.16118,20.6495
2026-03-26,IA,-0.15636,21.96
2026-03-26,VICR,-0.15022,158.06
2026-03-26,AMDL,-0.14662,12.3399
2026-03-26,AAOI,-0.14431,97.9
2026-03-26,WDCX,-0.14297,28.54
2026-03-26,GDXU,-0.13653,150.01
2026-03-26,IONX,-0.13191,22.77
2026-03-26,KRMN,-0.12048,87.6
2026-03-26,UAMY,-0.11626,8.7225
2026-03-26,FUBO,-0.11039,9.6523
2026-03-26,POET,-0.1041,5.465
2026-03-26,POWL,-0.10185,525.0205
2026-03-26,GSAT,-0.09932,60.6877
2026-03-26,UMAC,-0.09892,13.39
2026-03-26,HIMX,-0.09855,8.3256
2026-03-26,IBRX,-0.09542,7.3
2026-03-26,PSIX,-0.09455,58.8
2026-03-26,PLTU,-0.09005,45.9334
2026-03-26,ANET,-0.08918,122.97
2026-03-26,FLNC,-0.08869,14.9
2026-03-26,PL,-0.08651,32.31
2026-03-26,BLLN,-0.08578,70.395
2026-03-26,FRMI,-0.0856,6.0899
2026-03-26,ONON,-0.08547,32.155
2026-03-26,DFEN,-0.08496,64.4398
2026-03-26,WOLF,-0.08486,16.93
2026-03-26,YINN,-0.08465,30.4817
2026-03-26,LPTH,-0.08326,10.955
2026-03-26,BRCB,-0.08215,13.63
2026-03-27,ASTX,-0.21778,33.44
2026-03-27,BKSY,-0.1709,23.331
2026-03-27,IONX,-0.1633,19.06
2026-03-27,LPTH,-0.14786,9.365
2026-03-27,CONL,-0.14765,5.975
2026-03-27,PSNL,-0.14003,6.295
2026-03-27,UMAC,-0.12054,11.82
2026-03-27,VELO,-0.11,8.9
2026-03-27,NEBX,-0.10563,30.9999
2026-03-27,LABU,-0.09941,139.6
2026-03-27,WRD,-0.0962,6.905
2026-03-27,RIOT,-0.08997,12.745
2026-03-27,OUST,-0.08959,17.58
2026-03-27,MMYT,-0.08925,36.43
2026-03-27,COCO,-0.08862,47.1
2026-03-27,ELF,-0.08597,61.13
2026-03-27,LUNR,-0.0858,17.58
2026-03-27,WOLF,-0.08502,15.39
2026-03-27,SLDB,-0.08409,7.08
2026-03-27,BRCB,-0.08087,12.445
2026-03-30,COHX,-0.2126,21.0
2026-03-30,ALMS,-0.19476,19.97
2026-03-30,WDCX,-0.17769,23.617
2026-03-30,MVLL,-0.15806,20.3914
2026-03-30,CIFR,-0.12586,12.015
2026-03-30,RMBS,-0.12081,78.89
2026-03-30,BW,-0.10976,13.229
2026-03-30,AGX,-0.10898,504.8755
2026-03-30,UAMY,-0.10343,7.845
2026-03-30,KRMN,-0.10295,75.415
2026-03-30,IA,-0.10093,19.3301
2026-03-30,AEVA,-0.09518,11.55
2026-03-30,HIMX,-0.0822,7.4251
2026-03-31,ASTN,-0.24069,15.3
2026-03-31,LABD,-0.22578,16.2593
2026-03-31,QBTZ,-0.22205,49.454
2026-03-31,NBIZ,-0.2212,11.02
2026-03-31,GDXD,-0.21121,41.53
2026-03-31,BWET,-0.20148,97.675
2026-03-31,UVIX,-0.19083,8.65
2026-03-31,CONI,-0.18276,61.015
2026-03-31,ANNA,-0.15815,8.6205
2026-03-31,BTU,-0.08629,32.5979
2026-03-31,UAN,-0.08593,126.4856
2026-04-01,ORIC,-0.39621,7.65
2026-04-01,AXTI,-0.16962,47.315
2026-04-01,NKE,-0.15444,44.6606
2026-04-01,QBTX,-0.10101,7.12
2026-04-01,HIMZ,-0.08977,20.9899
2026-04-01,VIST,-0.08387,69.14
2026-04-01,GPRK,-0.0826,8.7149
2026-04-02,ASTN,-0.18678,12.06
2026-04-02,NBIZ,-0.11851,9.67
2026-04-02,IONZ,-0.11474,23.3
2026-04-02,TSLL,-0.11367,11.3192
2026-04-02,OMER,-0.0981,10.895
2026-04-02,KNF,-0.09262,74.505
2026-04-02,ENPH,-0.0815,35.16
2026-04-06,VRDN,-0.25584,14.02
2026-04-06,LITX,-0.12953,34.81
2026-04-06,VOR,-0.09972,16.25
2026-04-06,SMCX,-0.084,8.07
2026-04-06,QDEL,-0.0829,15.82
2026-04-07,SMX,-0.37307,8.15
2026-04-07,MANE,-0.10373,57.2
2026-04-07,NN,-0.09633,15.01
2026-04-07,SMR,-0.09587,9.195
2026-04-07,BOBS,-0.09107,10.38
2026-04-07,REPL,-0.08021,7.855
2026-04-08,SMX,-0.23742,6.2151
2026-04-08,REPL,-0.21665,6.1101
2026-04-08,KRUS,-0.17715,60.06
2026-04-08,PLTU,-0.12793,40.7178
2026-04-08,APPX,-0.10221,26.0001
2026-04-08,AVTX,-0.10144,14.305
2026-04-08,ZBIO,-0.08763,20.51
2026-04-09,CRCA,-0.20652,32.0788
2026-04-09,TPL,-0.15859,377.1876
2026-04-09,NBIZ,-0.15745,5.94
2026-04-09,QLYS,-0.13679,75.41
2026-04-09,ZS,-0.11748,121.655
2026-04-09,QBTX,-0.10516,7.105
2026-04-09,AXON,-0.10476,350.515
2026-04-09,NIQ,-0.10456,10.405
2026-04-09,IPI,-0.09846,37.495
2026-04-09,BLLN,-0.09806,82.96
2026-04-09,WIX,-0.09734,67.14
2026-04-09,NTSK,-0.09722,8.45
2026-04-09,ADPT,-0.0903,13.5
2026-04-09,LXU,-0.0874,13.47
2026-04-09,NEXT,-0.08354,7.405
2026-04-09,LAR,-0.08127,7.065
2026-04-10,FSLY,-0.22352,22.875
2026-04-10,FICO,-0.13889,923.415
2026-04-10,SMPL,-0.11271,10.47
2026-04-10,CLBT,-0.10677,11.085
2026-04-10,BIOA,-0.0905,16.18
2026-04-13,CRCD,-0.21466,6.0
2026-04-13,IREZ,-0.18884,18.17
2026-04-13,BBGI,-0.17605,9.6896
2026-04-13,SKYQ,-0.11438,11.15
2026-04-14,IONZ,-0.39422,13.527
2026-04-14,ASTX,-0.21153,39.92
2026-04-14,SMX,-0.16393,5.0498
2026-04-14,FSLY,-0.14752,20.775
2026-04-14,REPX,-0.13272,34.9214
2026-04-14,GLND,-0.11672,5.6
2026-04-14,ZSL,-0.10293,19.87
2026-04-15,ROLR,-0.20985,5.855
2026-04-15,PII,-0.17217,47.5943
2026-04-15,TSDD,-0.16511,8.95
2026-04-15,PATK,-0.10863,99.2903
2026-04-15,PLTZ,-0.09455,29.59
2026-04-15,BMNZ,-0.08135,15.02
2026-04-16,RKLZ,-0.252,13.06
2026-04-16,ETON,-0.09714,24.35
2026-04-16,MANE,-0.09012,73.245
2026-04-16,IESC,-0.08579,483.82
2026-04-16,ALOY,-0.08431,11.73
2026-04-16,MMED,-0.08344,13.95
2026-04-17,BMI,-0.23741,116.1339
2026-04-17,OPTX,-0.1629,9.25
2026-04-17,DK,-0.1272,37.0483
2026-04-17,ASTX,-0.12414,36.83
2026-04-17,SIDU,-0.11726,5.2523
2026-04-17,NEXT,-0.10013,6.785
2026-04-17,GRPN,-0.09471,14.0501
2026-04-17,ASIX,-0.09056,21.5497
2026-04-17,SATL,-0.08245,6.9
2026-04-20,GLND,-0.15738,5.14
2026-04-20,CMPX,-0.08917,5.465
2026-04-20,INFQ,-0.08295,15.975
2026-04-21,WSHP,-0.22102,10.08
2026-04-21,BIRD,-0.19809,8.8373
2026-04-21,CRCA,-0.18308,40.0655
2026-04-21,SMU,-0.177,14.74
2026-04-21,VSEC,-0.1349,194.7202
2026-04-21,IRE,-0.13415,22.01
2026-04-21,LITX,-0.12547,39.905
2026-04-21,CRML,-0.1222,10.4809
2026-04-21,MNTS,-0.1215,5.64
2026-04-21,JNUG,-0.11822,209.0819
2026-04-21,PURR,-0.09723,5.5701
2026-04-21,ATEC,-0.09654,10.435
2026-04-21,LWLG,-0.08886,12.92
2026-04-21,ECHO,-0.08262,123.947
2026-04-22,CAR,-0.34954,464.41
2026-04-22,TNL,-0.13896,65.5663
2026-04-22,FNGD,-0.08846,45.0301
2026-04-22,EQPT,-0.08792,21.37
2026-04-23,EFOR,-0.51101,19.77
2026-04-23,NMAX,-0.29004,6.56
2026-04-23,WEX,-0.17864,151.895
2026-04-23,ORCU,-0.13667,13.0777
2026-04-23,KYTX,-0.13114,8.8884
2026-04-23,TLRY,-0.13024,6.845
2026-04-23,LULU,-0.12934,142.3097
2026-04-23,NB,-0.11413,5.705
2026-04-23,FOUR,-0.10884,45.645
2026-04-23,SNDU,-0.10816,44.2899
2026-04-23,IE,-0.10594,13.545
2026-04-23,AUGO,-0.10092,88.0411
2026-04-23,LCID,-0.09841,6.23
2026-04-23,JACK,-0.09712,12.559
2026-04-23,SMMT,-0.09072,22.35
2026-04-23,MP,-0.0865,63.205
2026-04-23,RHI,-0.08647,26.9203
2026-04-24,CHTR,-0.26206,178.42
2026-04-24,LUNL,-0.1557,19.82
2026-04-24,YSS,-0.1501,30.35
2026-04-24,NVTX,-0.1437,71.27
2026-04-24,NEBX,-0.13688,61.2801
2026-04-24,OKLL,-0.12952,11.56
2026-04-24,CMCSA,-0.12144,27.7931
2026-04-24,UMAC,-0.10849,14.38
2026-04-24,PBM,-0.10797,8.055
2026-04-24,BIRD,-0.10735,7.1504
2026-04-24,CAR,-0.10275,205.595
2026-04-24,ARX,-0.1009,13.01
2026-04-24,IBRX,-0.09158,7.44
2026-04-24,FRMI,-0.08868,5.395
2026-04-24,CADL,-0.08736,6.425
2026-04-27,HCAI,-0.19809,6.72
2026-04-27,FIRY,-0.1871,6.43
2026-04-27,MXL,-0.1502,51.26
2026-04-27,GLND,-0.13512,5.3709
2026-04-27,PDFS,-0.11443,41.17
2026-04-27,BELFA,-0.11221,224.5186
2026-04-27,ERAS,-0.11028,19.12
2026-04-27,HIMZ,-0.09144,41.83
2026-04-28,HTCO,-0.78964,8.0399
2026-04-28,NVTX,-0.36269,51.66
2026-04-28,CRMX,-0.31379,22.94
2026-04-28,MNTS,-0.19029,5.085
2026-04-28,RVI,-0.12973,31.0688
2026-04-28,RLAY,-0.1291,13.02
2026-04-28,OPTX,-0.12234,8.25
2026-04-28,ATEC,-0.11052,9.215
2026-04-28,AVTX,-0.10749,12.87
2026-04-28,MUX,-0.08759,21.77
2026-04-29,MRLN,-0.2699,8.44
2026-04-29,TER,-0.19945,304.3085
2026-04-29,ONDL,-0.1902,15.5725
2026-04-29,SOFI,-0.15165,15.5757
2026-04-29,JBIO,-0.14367,22.65
2026-04-29,BBGI,-0.13754,19.25
2026-04-29,TNGX,-0.11337,22.29
2026-04-29,ALOY,-0.10635,8.025
2026-04-29,EQPT,-0.09804,20.745
2026-04-29,ORKA,-0.0965,66.85
2026-04-29,NAIL,-0.08319,42.8107
2026-04-29,BLSH,-0.08287,36.52
2026-04-29,ERAS,-0.0803,9.105
2026-04-30,QBTZ,-0.20905,16.08
2026-04-30,CHH,-0.1513,99.6014
2026-04-30,FLS,-0.13274,73.2779
2026-04-30,W,-0.12618,64.025
2026-04-30,CRCA,-0.11082,34.5174
2026-04-30,IREZ,-0.10295,14.61
2026-04-30,DAMD,-0.09828,5.78
2026-05-01,CRCD,-0.19586,5.05
2026-05-01,CABO,-0.18991,74.115
2026-05-01,BW,-0.09707,14.1399
2026-05-01,ORKA,-0.08566,62.55
2026-05-04,FWRD,-0.23582,16.3
2026-05-04,NVTX,-0.18268,58.03
2026-05-04,TRT,-0.17105,11.655
2026-05-04,NSSC,-0.14989,39.7109
2026-05-04,CABO,-0.12858,65.365
2026-05-04,ROLR,-0.12065,7.58
2026-05-04,MRAM,-0.12052,18.9
2026-05-04,BNAI,-0.11453,23.775
2026-05-04,NAIL,-0.11365,37.4304
2026-05-04,FIGS,-0.09481,13.94
2026-05-04,AAOX,-0.08918,64.395
2026-05-04,BOBS,-0.0822,10.16
2026-05-05,ELPW,-0.18281,5.99
2026-05-05,OSIS,-0.16971,234.865
2026-05-05,NUTX,-0.16736,122.54
2026-05-05,HCAI,-0.16099,15.27
2026-05-05,SWMR,-0.10789,29.975
2026-05-05,IONZ,-0.1041,5.68
2026-05-05,SKYQ,-0.09291,5.37
2026-05-05,RIG,-0.09084,6.255
2026-05-06,PRIM,-0.49978,101.5002
2026-05-06,IREZ,-0.23544,7.1333
2026-05-06,QBTZ,-0.22405,10.972
2026-05-06,ONEG,-0.18886,8.8901
2026-05-06,BFAM,-0.18536,66.45
2026-05-06,DLX,-0.17348,25.5022
2026-05-06,FUBO,-0.15605,10.465
2026-05-06,RKLZ,-0.14296,11.39
2026-05-06,SOXS,-0.1356,9.9493
2026-05-06,VET,-0.13274,11.8192
2026-05-06,CABO,-0.1169,55.9
2026-05-06,NVDQ,-0.11124,11.945
2026-05-06,FIVN,-0.11088,21.57
2026-05-06,HTCO,-0.09661,6.6399
2026-05-06,REPX,-0.09341,33.4099
2026-05-06,VRDN,-0.084,17.175
2026-05-07,USPH,-0.19565,59.2432
2026-05-07,OUST,-0.16655,24.4993
2026-05-07,NEXA,-0.16495,13.9603
2026-05-07,TROX,-0.16405,8.4595
2026-05-07,ASTX,-0.15056,20.48
2026-05-07,IMSR,-0.14675,7.355
2026-05-07,ARQT,-0.14357,20.7
2026-05-07,INTR,-0.14349,6.715
2026-05-07,INBX,-0.13988,122.0
2026-05-07,LUMN,-0.13966,8.4399
2026-05-07,FUTU,-0.13804,144.81
2026-05-07,UAMY,-0.12887,10.985
2026-05-07,CHYM,-0.12016,19.119
2026-05-07,PL,-0.1164,35.07
2026-05-07,YSS,-0.10347,33.055
2026-05-07,INFQ,-0.10221,12.165
2026-05-07,VIR,-0.10155,9.245
2026-05-07,OPTX,-0.09777,6.875
2026-05-07,SGMT,-0.08771,7.645
2026-05-07,FRMI,-0.08543,5.085
2026-05-07,ADTN,-0.08052,14.445
2026-05-08,AKAN,-0.25302,27.78
2026-05-08,MUD,-0.14887,18.3928
2026-05-08,TNDM,-0.14727,15.75
2026-05-08,KMT,-0.131,36.2416
2026-05-08,NTRA,-0.11323,194.93
2026-05-08,JMIA,-0.11137,7.74
2026-05-08,RDTL,-0.1052,18.415
2026-05-08,TECS,-0.09739,8.7558
2026-05-08,BIRD,-0.09395,5.6355
2026-05-08,FOUR,-0.0921,42.535
2026-05-08,NBIL,-0.08394,27.5
2026-05-08,UUUU,-0.0833,21.405
2026-05-11,CERT,-0.20523,5.015
2026-05-11,PSIX,-0.17007,63.0
2026-05-11,ELPW,-0.15241,5.45
2026-05-11,ZSL,-0.13565,16.025
2026-05-11,UI,-0.12432,737.4165
2026-05-11,PN,-0.11446,5.145
2026-05-11,BL,-0.10757,27.335
2026-05-11,RVLV,-0.10523,18.665
2026-05-11,SMCX,-0.10126,16.42
2026-05-11,CWH,-0.0968,6.765
2026-05-11,LEGN,-0.09495,25.45
2026-05-11,BRBR,-0.09408,9.34
2026-05-11,CABO,-0.09328,56.57
2026-05-11,CLNN,-0.08997,6.625
2026-05-11,SMST,-0.08618,21.95
2026-05-11,BHVN,-0.08519,9.02
2026-05-11,WHR,-0.08519,41.13
2026-05-11,ABR,-0.08383,6.6057
2026-05-12,HROW,-0.24054,28.89
2026-05-12,LIFE,-0.13617,25.725
2026-05-12,FWRD,-0.11472,9.26
2026-05-12,ABR,-0.1096,5.9298
2026-05-12,CABO,-0.106,50.1
2026-05-12,SION,-0.10598,41.08
2026-05-12,ODD,-0.1039,12.635
2026-05-12,MRLN,-0.10162,7.78
2026-05-12,HCAI,-0.08951,10.325
2026-05-13,HTCO,-0.36902,7.1175
2026-05-13,SWMR,-0.15158,30.577
2026-05-13,BIRK,-0.13373,32.875
2026-05-13,YSS,-0.12856,27.86
2026-05-13,ALM,-0.11302,19.62
2026-05-13,PRCT,-0.10753,25.605
2026-05-13,SGML,-0.09818,18.83
2026-05-13,HCAI,-0.09564,9.74
2026-05-13,BKKT,-0.09132,8.06
2026-05-13,PAR,-0.085,14.21
2026-05-13,APPN,-0.0848,18.78
2026-05-14,ERNA,-0.18287,9.92
2026-05-14,NIQ,-0.17729,8.26
2026-05-14,CUE,-0.13641,25.45
2026-05-14,RGTZ,-0.12832,9.51
2026-05-14,AGPU,-0.1281,5.6499
2026-05-14,AGQ,-0.09575,142.22
2026-05-14,DNA,-0.08382,7.87
2026-05-14,NTLA,-0.08333,13.09
2026-05-15,POET,-0.19397,16.5801
2026-05-15,QUBX,-0.19279,15.555
2026-05-15,APLX,-0.17974,30.21
2026-05-15,HCAI,-0.17872,5.3301
2026-05-15,IDR,-0.14196,38.26
2026-05-15,GLWG,-0.13677,29.79
2026-05-15,FRMI,-0.12008,6.485
2026-05-15,GSIT,-0.11418,9.62
2026-05-15,ONDL,-0.10993,17.7301
2026-05-15,FPS,-0.10191,45.075
2026-05-15,CRVS,-0.0985,12.31
2026-05-15,NNE,-0.09804,24.84
2026-05-15,RIGL,-0.09601,28.8554
2026-05-15,NAIL,-0.09509,31.511
2026-05-15,AU,-0.09251,92.627
2026-05-15,BMNR,-0.08818,20.06
2026-05-15,KOPN,-0.08786,5.035
2026-05-15,IREN,-0.08331,53.5349
2026-05-15,PHAT,-0.08276,11.97
2026-05-15,LWLG,-0.08239,13.6999
2026-05-15,QDEL,-0.08077,10.47
2026-05-18,LWLG,-0.15586,11.5225
2026-05-18,ICHR,-0.0898,66.69
2026-05-19,BLBD,-0.11967,64.035
2026-05-19,FRMI,-0.09847,5.905
2026-05-19,DCH,-0.08977,5.6434
2026-05-20,IREZ,-0.21374,8.24
2026-05-20,QBTZ,-0.12849,14.99
2026-05-20,GDS,-0.08735,36.88
2026-05-21,RGTZ,-0.52163,5.86
2026-05-21,SNDQ,-0.20642,7.42
2026-05-21,IREZ,-0.1918,6.7
2026-05-21,RKLX,-0.14484,79.085
2026-05-22,STRO,-0.15415,25.9
2026-05-22,LIFE,-0.13182,17.98
2026-05-22,VCX,-0.09102,263.16
2026-05-22,RVI,-0.0888,56.0391
2026-05-22,CONL,-0.08668,7.27
2026-05-26,MUD,-0.20929,14.084
2026-05-26,CRCG,-0.14048,27.9
2026-05-26,FJET,-0.11458,6.375
2026-05-26,EVC,-0.10364,8.8198
2026-05-26,KC,-0.08092,13.0693
2026-05-27,RVI,-0.12748,50.17
2026-05-27,HCAI,-0.1219,8.5
2026-05-28,PLAB,-0.35366,34.5855
2026-05-28,PNRG,-0.2302,179.025
2026-05-28,PLTZ,-0.155,27.04
2026-05-28,KOLD,-0.1252,21.625
2026-05-28,AEVA,-0.12462,25.64
2026-05-28,CONI,-0.10269,45.9022
2026-05-28,BHVN,-0.08282,10.355
2026-05-28,VIAV,-0.0819,48.71
2026-05-29,AKTX,-0.28798,15.7
2026-05-29,CODX,-0.24397,8.46
2026-05-29,PIII,-0.16211,13.8
2026-05-29,MRAM,-0.15639,26.3713
2026-05-29,HCC,-0.09465,94.6801
2026-05-29,EQPT,-0.09361,20.72
2026-05-29,RILY,-0.09153,9.33
2026-05-29,KSS,-0.08854,14.2078
2026-05-29,WYFI,-0.08048,29.59
2026-06-01,RKLX,-0.28215,74.0101
2026-06-01,ERNA,-0.17219,8.75
2026-06-01,ALHC,-0.12761,13.365
2026-06-01,MRLN,-0.12236,7.065
2026-06-01,KURA,-0.10725,9.1061
2026-06-01,TSLL,-0.08859,14.5106
2026-06-01,BLSH,-0.08164,32.06
2026-06-02,LITZ,-0.27429,12.7
2026-06-02,PRAX,-0.22282,260.48
2026-06-02,SOXS,-0.16525,5.2253
2026-06-02,OCS,-0.13508,12.55
2026-06-02,DLLL,-0.12764,211.6201
2026-06-02,MNTS,-0.12627,14.6001
2026-06-02,AVTX,-0.12381,13.8
2026-06-02,ERNA,-0.11458,8.075
2026-06-02,SG,-0.11322,8.4865
2026-06-02,FIG,-0.11228,24.075
2026-06-02,EVMN,-0.10555,19.83
2026-06-02,OSCR,-0.08794,20.95
2026-06-02,AGL,-0.08521,84.655
2026-06-02,TRI,-0.08037,86.4104
2026-06-03,LUNL,-0.29992,27.87
2026-06-03,PIII,-0.22478,9.915
2026-06-03,PLU,-0.21152,48.2
2026-06-03,CRCA,-0.19659,30.5989
2026-06-03,VCX,-0.1848,157.0
2026-06-03,QUBX,-0.16169,16.28
2026-06-03,NOWL,-0.14795,6.45
2026-06-03,SNOU,-0.14091,37.86
2026-06-03,DXYZ,-0.13889,40.67
2026-06-03,CRWG,-0.13113,42.14
2026-06-03,MSTX,-0.12382,17.7601
2026-06-03,EOSE,-0.12209,8.2699
2026-06-03,ELMT,-0.12132,19.41
2026-06-03,ROBN,-0.11925,21.64
2026-06-03,FLNC,-0.10803,24.895
2026-06-03,AEVA,-0.10699,24.79
2026-06-03,LTBR,-0.0972,10.96
2026-06-03,BKKT,-0.09439,8.875
2026-06-03,BILL,-0.08968,35.02
2026-06-03,AMSC,-0.08892,46.62
2026-06-03,PCLA,-0.08824,6.2
2026-06-03,BRZE,-0.08603,23.48
2026-06-03,ASPI,-0.08343,7.635
2026-06-03,EVTC,-0.08299,22.3596
2026-06-03,LZ,-0.0827,5.99
2026-06-03,VERX,-0.08221,12.7114
2026-06-03,QFIN,-0.08206,15.2
2026-06-03,DXC,-0.0815,9.185
2026-06-04,BMNZ,-0.12333,19.69
2026-06-04,XE,-0.09783,23.7
2026-06-04,WRD,-0.08731,7.265
2026-06-04,PONY,-0.08438,9.495
2026-06-05,KORU,-0.39322,637.0104
2026-06-05,GDXU,-0.25657,105.76
2026-06-05,FLYT,-0.25306,18.33
2026-06-05,LABX,-0.2085,106.1193
2026-06-05,WDCX,-0.20142,30.41
2026-06-05,TSAT,-0.19167,44.45
2026-06-05,BRUN,-0.18567,29.275
2026-06-05,FCEL,-0.18551,17.43
2026-06-05,SHLS,-0.16384,10.6777
2026-06-05,ERO,-0.1606,25.82
2026-06-05,MRAM,-0.15376,24.05
2026-06-05,ACDC,-0.14578,6.885
2026-06-05,JOBY,-0.14452,9.5301
2026-06-05,NEXA,-0.14094,12.9288
2026-06-05,TMC,-0.1394,5.155
2026-06-05,HNRG,-0.13325,16.425
2026-06-05,UUUU,-0.13007,15.1107
2026-06-05,SIMO,-0.11942,259.4816
2026-06-05,LAR,-0.11937,8.639
2026-06-05,FSLR,-0.11526,278.65
2026-06-05,ADTN,-0.1132,15.315
2026-06-05,AMBA,-0.11315,63.8972
2026-06-05,GRPN,-0.11171,16.46
2026-06-05,VIAV,-0.11116,47.295
2026-06-05,PUMP,-0.10716,14.705
2026-06-05,KOD,-0.10656,30.52
2026-06-05,INTC,-0.10266,100.305
2026-06-05,BTU,-0.09932,28.11
2026-06-05,LCID,-0.09419,5.145
2026-06-05,ERAS,-0.09382,12.025
2026-06-05,AUGO,-0.09358,60.6018
2026-06-05,CENX,-0.09243,60.29
2026-06-05,SGML,-0.09165,13.38
2026-06-05,KRMN,-0.09156,49.41
2026-06-05,GRAL,-0.08986,60.57
2026-06-05,HLIT,-0.08795,13.325
2026-06-05,HYLN,-0.08727,6.955
2026-06-05,SOC,-0.08198,12.43
2026-06-08,WLTH,-0.16345,8.24
2026-06-08,BRC,-0.16156,74.3173
2026-06-08,FCEL,-0.12781,15.115
2026-06-08,AGX,-0.1247,608.0902
2026-06-08,CODX,-0.09769,5.08
2026-06-08,NVAX,-0.08377,8.695
2026-06-09,AAOX,-0.3517,41.42
2026-06-09,AXTX,-0.30109,19.29
2026-06-09,STI,-0.29534,20.4
2026-06-09,PCT,-0.11486,10.635
2026-06-09,SOC,-0.10671,11.72
2026-06-09,IDYA,-0.10292,28.24
2026-06-10,SMCL,-0.52535,42.1307
2026-06-10,NVTX,-0.20492,69.005
2026-06-10,APLX,-0.14708,23.1313
2026-06-10,LAZ,-0.138,40.773
2026-06-10,RDWU,-0.11507,16.15
2026-06-10,XE,-0.11307,18.12
2026-06-10,RIOX,-0.11154,46.48
2026-06-10,CGEM,-0.11153,11.71
2026-06-10,ARMG,-0.11061,31.6
2026-06-10,CYD,-0.10628,47.7672
2026-06-10,ULCC,-0.10236,5.7
2026-06-10,DRUG,-0.09661,61.25
2026-06-10,MRVU,-0.09331,179.7148
2026-06-10,APPX,-0.09292,38.46
2026-06-10,EQPT,-0.09023,18.15
2026-06-10,AA,-0.08883,65.9809
2026-06-10,TNGX,-0.08872,28.76
2026-06-10,TNDM,-0.08859,16.05
2026-06-10,AMSC,-0.08845,36.945
2026-06-10,MWH,-0.08841,29.9
2026-06-10,ASPI,-0.08359,5.865
2026-06-10,FLNC,-0.08269,21.52
2026-06-10,BMNG,-0.08091,12.95
2026-06-10,PURR,-0.08061,7.585
2026-06-10,SPRC,-0.08056,8.56
2026-06-10,CCOI,-0.08048,14.5402
2026-06-11,IREZ,-0.19914,5.59
2026-06-11,GDXD,-0.1704,50.0
2026-06-11,SMCZ,-0.16418,9.52
2026-06-11,FJET,-0.14444,6.93
2026-06-11,OCC,-0.12723,23.495
2026-06-11,MUD,-0.10546,12.3827
2026-06-11,MSTZ,-0.09143,9.54
2026-06-11,TSLZ,-0.08312,12.332
2026-06-12,FLYT,-0.37459,13.3401
2026-06-12,SDOT,-0.32282,16.645
2026-06-12,ASTX,-0.29992,26.12
2026-06-12,ASTC,-0.29755,18.615
2026-06-12,DXYZ,-0.2491,29.06
2026-06-12,LPTH,-0.10294,14.03
2026-06-12,AKTX,-0.10189,13.31
2026-06-12,SNOU,-0.08058,34.23
2026-06-15,NBIZ,-0.25125,7.9592
2026-06-15,BAND,-0.16338,54.665
2026-06-15,MNTS,-0.13556,10.33
2026-06-15,CENX,-0.1175,54.0
2026-06-15,PLTZ,-0.10317,28.295
2026-06-15,VG,-0.10284,11.7201
2026-06-15,UVXY,-0.10181,25.805
2026-06-15,SSG,-0.09212,11.8738
2026-06-15,ELVN,-0.09051,41.955
2026-06-15,FJET,-0.08657,5.645
2026-06-15,NN,-0.08465,19.68
2026-06-16,RGNT,-0.33085,6.29
2026-06-16,AXTX,-0.29853,27.14
2026-06-16,AAOX,-0.20019,45.205
2026-06-16,BOT,-0.15629,32.12
2026-06-16,IONL,-0.15183,31.535
2026-06-16,MRVU,-0.14997,219.9626
2026-06-16,POEL,-0.14948,35.22
2026-06-16,INTW,-0.14594,301.04
2026-06-16,CRDU,-0.13483,80.0697
2026-06-16,NVTX,-0.13354,78.51
2026-06-16,LABX,-0.11984,133.0597
2026-06-16,ELMT,-0.11337,18.3001
2026-06-16,BMNG,-0.09761,13.98
2026-06-16,SNXX,-0.09247,36.755
2026-06-16,CBOE,-0.08881,266.8946
2026-06-16,AEVA,-0.0856,24.57
2026-06-16,VECO,-0.0855,75.94
2026-06-17,APPX,-0.13014,35.76
2026-06-17,GENI,-0.11281,6.095
2026-06-17,SMCX,-0.10456,8.435
2026-06-17,METU,-0.10303,20.9818
2026-06-17,CVNA,-0.10151,62.93
2026-06-17,MBLY,-0.09304,8.725
2026-06-17,WGS,-0.09224,55.01
2026-06-17,EYE,-0.09135,15.965
2026-06-17,ARCB,-0.08794,145.7499
2026-06-17,BNAI,-0.08739,20.05
2026-06-17,AGQ,-0.08731,88.385
2026-06-17,RXO,-0.08692,24.845
2026-06-17,MSTX,-0.08667,14.385
2026-06-17,HPP,-0.08197,13.44
2026-06-17,MSFU,-0.08115,23.0984
2026-06-18,ACN,-0.18122,127.7378
2026-06-18,TNGX,-0.13534,27.92
2026-06-18,SSG,-0.10353,11.4033
2026-06-22,SPCL,-0.32411,38.83
2026-06-22,ASTX,-0.18525,19.77
2026-06-22,VELO,-0.17381,24.67
2026-06-22,STI,-0.16046,14.65
2026-06-22,PLTU,-0.14138,26.9293
2026-06-22,IREG,-0.1152,20.3729
2026-06-22,AVAV,-0.11267,150.5
2026-06-22,VCX,-0.10327,90.13
2026-06-22,QDEL,-0.10132,12.285
2026-06-22,TRT,-0.0878,14.4401
2026-06-22,NNE,-0.0865,25.7699
2026-06-22,MSTX,-0.08608,11.9541
2026-06-22,PLAY,-0.08536,10.93
2026-06-22,RIVN,-0.08254,15.1564
2026-06-23,KORU,-0.35183,705.6101
2026-06-23,VRTL,-0.22676,143.02
2026-06-23,POEL,-0.20983,23.9581
2026-06-23,MRVU,-0.20146,200.4786
2026-06-23,HYLN,-0.16554,6.15
2026-06-23,STI,-0.15139,12.865
2026-06-23,FLNC,-0.14573,21.519
2026-06-23,VELO,-0.14192,20.86
2026-06-23,CAST,-0.13096,8.5514
2026-06-23,EOSE,-0.12124,6.4501
2026-06-23,FLYT,-0.1161,9.44
2026-06-23,RMIX,-0.10951,20.41
2026-06-23,MSTX,-0.1087,11.07
2026-06-23,PURR,-0.1087,8.2
2026-06-23,TE,-0.10529,9.305
2026-06-23,AMPX,-0.09233,14.205
2026-06-23,AMBQ,-0.09214,80.4
2026-06-23,SSTK,-0.09102,14.28
2026-06-23,FRVO,-0.09048,33.07
2026-06-23,LGN,-0.08583,80.63
2026-06-24,ONDL,-0.20486,7.689
2026-06-24,RKLX,-0.19919,32.665
2026-06-24,CBRS,-0.19412,182.71
2026-06-24,AEVA,-0.14868,20.04
2026-06-24,NG,-0.14751,6.155
2026-06-24,ASTC,-0.14007,10.13
2026-06-24,RES,-0.12609,5.6455
2026-06-24,DGXX,-0.125,5.88
2026-06-24,ROBN,-0.12307,28.43
2026-06-24,ASST,-0.10753,12.45
2026-06-24,GLXY,-0.09904,28.245
2026-06-24,IMSR,-0.09831,6.925
2026-06-24,ALM,-0.09813,16.405
2026-06-24,HAWK,-0.08932,21.055
2026-06-25,MSTX,-0.17536,7.43
2026-06-25,AAPU,-0.12236,31.6899
2026-06-25,RKLX,-0.11949,28.59
2026-06-25,IONL,-0.1179,24.54
2026-06-25,IRE,-0.11538,18.285
2026-06-25,NNE,-0.10562,20.705
2026-06-25,EQPT,-0.10471,19.965
2026-06-25,ELVR,-0.10213,68.75
2026-06-25,CABO,-0.10159,40.68
2026-06-25,HQ,-0.09257,25.78
2026-06-25,FIG,-0.09227,16.92
2026-06-25,FUBO,-0.08573,7.9999
2026-06-25,ROBN,-0.0831,26.26
2026-06-25,RXT,-0.08284,6.255
2026-06-26,BEX,-0.30096,46.43
2026-06-26,CAST,-0.16877,7.24
2026-06-26,TMDX,-0.14045,66.83
2026-06-26,QCML,-0.13365,21.295
2026-06-26,CRDU,-0.12933,82.3946
2026-06-26,MULL,-0.11815,36.35
2026-06-26,ARQQ,-0.11164,24.27
2026-06-26,FLEX,-0.08947,146.85
2026-06-26,BNAI,-0.08237,16.6
2026-06-29,EVMN,-0.39754,15.17
2026-06-29,MSTZ,-0.28202,13.34
2026-06-29,CAST,-0.26536,5.62
2026-06-29,STI,-0.21394,9.7
2026-06-29,NBIZ,-0.18519,7.48
2026-06-29,TSLQ,-0.17609,17.2197
2026-06-29,BNAI,-0.15579,15.39
2026-06-29,FAC,-0.14849,9.72
2026-06-29,SNEX,-0.14776,115.415
2026-06-29,CAPR,-0.09947,23.81
2026-06-29,LITZ,-0.08418,16.21
2026-06-30,CRCA,-0.34332,13.001
2026-06-30,MF,-0.18668,6.0999
2026-06-30,EVMN,-0.11761,13.28
2026-06-30,FRVO,-0.0927,28.825
2026-06-30,TECS,-0.08224,6.1398
2026-06-30,CORD,-0.08,5.52
2026-07-01,CWVX,-0.28577,18.77
2026-07-01,GLWG,-0.28394,32.3657
2026-07-01,CAST,-0.2381,5.12
2026-07-01,KORU,-0.22447,606.0101
2026-07-01,SPCL,-0.16476,38.68
2026-07-01,BRUN,-0.15151,32.93
2026-07-01,OCC,-0.14855,17.855
2026-07-01,NVTX,-0.13956,41.8604
2026-07-01,AAOG,-0.13739,6.09
2026-07-01,ASYS,-0.12132,20.28
2026-07-01,FCEL,-0.11677,31.805
2026-07-01,CIEG,-0.11599,8.46
2026-07-01,AEHR,-0.11576,84.94
2026-07-01,FPS,-0.09792,50.39
2026-07-01,TTI,-0.09665,10.235
2026-07-01,TRT,-0.09253,11.18
2026-07-01,CDNL,-0.08917,85.8
2026-07-01,NBR,-0.08898,76.535
2026-07-01,TENX,-0.08316,13.34
2026-07-01,LB,-0.08088,72.8307
2026-07-01,BEX,-0.08042,55.0
2026-07-01,RLMD,-0.0802,6.365
2026-07-02,SNDU,-0.31433,36.8
2026-07-02,SDOT,-0.31,49.6799
2026-07-02,GLWG,-0.23896,25.16
2026-07-02,ARQQ,-0.18406,23.54
2026-07-02,CRDU,-0.17507,70.6705
2026-07-02,DLLL,-0.17366,20.08
2026-07-02,OUST,-0.17078,49.77
2026-07-02,AMPG,-0.15211,6.02
2026-07-02,ARMG,-0.14406,30.48
2026-07-02,LNOK,-0.14401,52.8901
2026-07-02,CDNL,-0.13814,74.12
2026-07-02,APPX,-0.13468,41.7
2026-07-02,RDWU,-0.12618,8.345
2026-07-02,OSS,-0.12458,15.705
2026-07-02,HLIT,-0.12326,13.835
2026-07-02,HQ,-0.1232,23.7
2026-07-02,OPTX,-0.12243,10.68
2026-07-02,ALOY,-0.11808,13.22
2026-07-02,BB,-0.1128,11.365
2026-07-02,PRCT,-0.11035,20.88
2026-07-02,VCX,-0.10805,78.01
2026-07-02,CORZ,-0.10418,21.24
2026-07-02,FBL,-0.09939,22.2
2026-07-02,HTFL,-0.09606,27.76
2026-07-02,CPSH,-0.09532,5.03
2026-07-02,TTI,-0.09415,9.285
2026-07-02,ELMT,-0.09351,17.45
2026-07-02,LCID,-0.09276,6.015
2026-07-02,CTOS,-0.09239,10.02
2026-07-02,CODI,-0.09016,10.545
2026-07-02,CYD,-0.0868,42.2683
2026-07-02,AGX,-0.08588,698.894
2026-07-02,APOG,-0.08429,40.1471
2026-07-02,AESI,-0.08323,14.32
2026-07-02,ROG,-0.08152,144.275
2026-07-02,NXH,-0.08119,5.715
2026-07-02,MYE,-0.08105,31.319
2026-07-02,NVEC,-0.08005,97.4837
2026-07-06,AKTS,-0.1705,26.345
2026-07-06,RKLX,-0.16024,36.37
2026-07-06,TSLZ,-0.12552,10.45
2026-07-06,SECZ,-0.11301,10.91
2026-07-06,APPS,-0.09835,11.46
2026-07-06,BLMN,-0.09253,7.895
2026-07-06,CCXI,-0.09037,17.374
2026-07-06,ECHX,-0.08783,9.9835
2026-07-07,SECZ,-0.24954,8.165
2026-07-07,ABTC,-0.22383,6.5897
2026-07-07,BEG,-0.20569,62.21
2026-07-07,RKLX,-0.20433,29.4
2026-07-07,SDOT,-0.20117,38.975
2026-07-07,TE,-0.19075,7.0
2026-07-07,RIVN,-0.17999,16.515
2026-07-07,VCX,-0.16121,64.7884
2026-07-07,AXTX,-0.16017,9.045
2026-07-07,AVEX,-0.11551,17.336
2026-07-07,CRCA,-0.10994,13.5898
2026-07-07,AMBQ,-0.10892,74.69
2026-07-07,AMBA,-0.10874,71.06
2026-07-07,BETA,-0.10689,16.969
2026-07-07,HIMZ,-0.10409,53.19
2026-07-07,LCID,-0.0991,6.0
2026-07-07,TWST,-0.09707,90.23
2026-07-07,FIGR,-0.09648,31.09
2026-07-07,BTDR,-0.09579,12.885
2026-07-07,CABO,-0.08837,42.81
2026-07-07,BFLY,-0.08445,7.535
2026-07-07,MWH,-0.08137,28.79
2026-07-08,ZSQR,-0.17845,6.975
2026-07-08,ALHC,-0.17464,19.85
2026-07-08,OFRM,-0.16744,18.0
2026-07-08,IREZ,-0.15136,8.0367
2026-07-08,CORD,-0.14779,6.17
2026-07-08,NAIL,-0.12062,39.5991
2026-07-08,AADX,-0.1082,20.77
2026-07-08,IMMX,-0.10607,10.745
2026-07-08,EQPT,-0.09093,16.345
2026-07-08,OLLI,-0.09077,61.855
2026-07-08,PWP,-0.08929,14.8496
2026-07-08,YSS,-0.08813,20.9
2026-07-08,EZPW,-0.08663,32.37
2026-07-08,ANNX,-0.08398,5.89
2026-07-08,DMRA,-0.08333,27.5
2026-07-08,DPST,-0.08215,130.5949
2026-07-09,IONS,-0.23514,64.6
2026-07-09,BOIL,-0.11519,23.6863
2026-07-09,GVA,-0.1149,127.03
2026-07-09,STUB,-0.09291,11.52
2026-07-09,NTLA,-0.08937,15.335
2026-07-10,ONDL,-0.11126,6.55
2026-07-10,QBTX,-0.11121,10.31
2026-07-10,UMAC,-0.10227,18.61
2026-07-10,TARS,-0.09986,57.735
2026-07-10,IONS,-0.08683,58.6894
2026-07-10,SPIR,-0.08541,14.67
2026-07-13,JLHL,-0.30529,8.149
2026-07-13,APPX,-0.26806,28.07
2026-07-13,KORU,-0.25422,415.3901
2026-07-13,CLRO,-0.2062,6.66
2026-07-13,IONL,-0.19501,13.87
2026-07-13,SMU,-0.16295,5.625
2026-07-13,TSHA,-0.15221,5.375
2026-07-13,RDWU,-0.14643,5.7701
2026-07-13,ZSQR,-0.14428,7.325
2026-07-13,ABTC,-0.13865,5.2801
2026-07-13,CWVX,-0.12618,17.59
2026-07-13,PHAT,-0.12371,11.05
2026-07-13,ORCU,-0.12295,6.7002
2026-07-13,SEZL,-0.1169,158.41
2026-07-13,CRCA,-0.11222,12.4891
2026-07-13,UMAC,-0.09641,16.9965
2026-07-13,INFQ,-0.09624,10.095
2026-07-13,FCEL,-0.09368,19.06
2026-07-13,KRMN,-0.09278,45.37
2026-07-13,AADX,-0.09199,18.696
2026-07-13,TENX,-0.09003,15.97
2026-07-13,OPTX,-0.08691,8.3
2026-07-13,MPLT,-0.08622,35.93
2026-07-13,PCT,-0.08358,6.6899
2026-07-14,QTTB,-0.15809,18.0
2026-07-14,WYFI,-0.1364,31.34
2026-07-14,SG,-0.12878,7.205
2026-07-14,FRHC,-0.11727,141.96
2026-07-14,ANAB,-0.09125,63.44
2026-07-14,NVDQ,-0.08282,10.41
2026-07-15,GRRR,-0.29815,11.77
2026-07-15,GFUZ,-0.1657,11.48
2026-07-15,LINC,-0.1646,44.7021
2026-07-15,BOT,-0.13791,31.6475
2026-07-15,ERIE,-0.13461,206.37
2026-07-15,QTTB,-0.1338,15.99
2026-07-15,VOYG,-0.11803,26.265
2026-07-15,LEGN,-0.1007,23.085
2026-07-15,STLN,-0.10032,5.65
2026-07-15,RBRK,-0.08768,80.33
2026-07-15,BLZE,-0.08761,15.1
2026-07-16,NBIL,-0.29048,19.5401
2026-07-16,BEX,-0.28502,25.625
2026-07-16,SNDU,-0.26671,22.6
2026-07-16,NVTX,-0.25248,18.83
2026-07-16,RKLX,-0.24844,18.0975
2026-07-16,STXL,-0.20838,27.2
2026-07-16,APLX,-0.20534,9.52
2026-07-16,ELVA,-0.19728,9.44
2026-07-16,IREX,-0.19093,12.4678
2026-07-16,HIMZ,-0.18142,44.94
2026-07-16,RGTX,-0.17297,9.18
2026-07-16,ROBN,-0.17162,32.58
2026-07-16,CRCA,-0.16364,11.5597
2026-07-16,SMCL,-0.16205,8.46
2026-07-16,ABSI,-0.15727,8.225
2026-07-16,AXTI,-0.15481,45.15
2026-07-16,EROC,-0.15299,10.215
2026-07-16,FCEL,-0.15284,17.155
2026-07-16,BB,-0.14941,9.0503
2026-07-16,MANE,-0.14535,105.72
2026-07-16,PCT,-0.13262,6.115
2026-07-16,TE,-0.12688,5.815
2026-07-16,HYMC,-0.12637,18.2501
2026-07-16,RLMD,-0.1248,5.435
2026-07-16,BTDR,-0.12371,11.015
2026-07-16,ORCX,-0.12241,16.49
2026-07-16,RDTL,-0.1223,23.18
2026-07-16,WYFI,-0.12183,25.625
2026-07-16,ATEX,-0.11287,93.45
2026-07-16,UMAC,-0.11285,16.43
2026-07-16,ERAS,-0.11242,18.87
2026-07-16,PURR,-0.11191,6.7584
2026-07-16,AVEX,-0.11186,15.8
2026-07-16,APPS,-0.11151,8.645
2026-07-16,CRML,-0.11111,6.64
2026-07-16,AVL,-0.10923,42.301
2026-07-16,ANNX,-0.10628,5.8092
2026-07-16,HAWK,-0.10617,18.1
2026-07-16,NTLA,-0.10544,11.665
2026-07-16,ARQQ,-0.10362,16.359
2026-07-16,LABU,-0.10265,249.06
2026-07-16,RGNX,-0.10228,11.015
2026-07-16,TNGX,-0.09785,27.29
2026-07-16,STRO,-0.09769,23.46
2026-07-16,QCML,-0.09718,16.35
2026-07-16,CLS,-0.09586,302.68
2026-07-16,AADX,-0.09474,17.2
2026-07-16,GGLL,-0.09428,110.3368
2026-07-16,DLLL,-0.09396,19.96
2026-07-16,CLSK,-0.09343,12.8099
2026-07-16,SLS,-0.09187,11.615
2026-07-16,SKE,-0.08827,25.1
2026-07-16,KLIC,-0.08578,98.2079
2026-07-16,DNA,-0.08311,8.252
2026-07-16,BLZE,-0.08144,13.76
2026-07-16,STLN,-0.08039,5.205
2026-07-17,SECZ,-0.09466,7.125
2026-07-17,FUN,-0.09014,17.26
2026-07-17,ALOY,-0.08733,8.935
2026-07-17,NAIL,-0.08521,41.2801
2026-07-17,GFUZ,-0.08161,8.44
2026-07-17,MNTN,-0.08018,9.005
2026-07-20,PVLA,-0.20548,124.93
2026-07-20,AVBP,-0.14884,28.25
2026-07-20,ANAB,-0.11737,51.1925
2026-07-20,TRVI,-0.10488,17.07
2026-07-21,SNDQ,-0.26708,29.28
2026-07-21,JDST,-0.1157,41.2811
2026-07-21,TENB,-0.10811,33.6779
2026-07-22,VEEE,-0.28514,18.765
2026-07-22,PEGA,-0.18114,25.3382
2026-07-22,CRCA,-0.1585,13.2887
2026-07-22,AAOX,-0.14269,15.5601
2026-07-22,SPCU,-0.12765,9.0201
2026-07-22,NAVN,-0.12209,23.37
2026-07-22,NTSK,-0.1114,11.845
2026-07-22,CONL,-0.10906,5.31
2026-07-22,ELVA,-0.10255,9.145
2026-07-22,GLWG,-0.09759,15.35
2026-07-22,FEIM,-0.09268,72.445
2026-07-22,INIO,-0.09253,27.56
2026-07-22,ALOY,-0.08944,8.195
2026-07-22,LMND,-0.08467,62.81
2026-07-22,MMYT,-0.08462,51.71
2026-07-22,GEV,-0.08092,991.51
2026-07-23,TSLT,-0.3101,10.59
2026-07-23,LBRT,-0.21254,19.8008
2026-07-23,VEEE,-0.19669,14.9095
2026-07-23,WOLF,-0.11855,25.8
2026-07-23,CWH,-0.11539,5.5465
2026-07-23,ORCX,-0.10036,15.06
2026-07-23,ASM,-0.09824,5.645
2026-07-23,BBAR,-0.09283,18.9303
2026-07-23,CNXC,-0.09234,21.6858
2026-07-23,NUAI,-0.08864,5.295
2026-07-23,BAND,-0.0877,58.725
2026-07-24,BEG,-0.29827,27.47
2026-07-24,HIMZ,-0.28553,29.915
2026-07-24,NBIG,-0.26199,16.31
2026-07-24,MXL,-0.23203,70.07
2026-07-24,APLX,-0.19912,9.955
2026-07-24,RKLX,-0.17089,16.375
2026-07-24,HQ,-0.15066,11.67
2026-07-24,AMPG,-0.1459,5.415
2026-07-24,AEHR,-0.14089,76.04
2026-07-24,WYFI,-0.13353,23.49
2026-07-24,CDNL,-0.11428,63.125
2026-07-24,LBRT,-0.11214,17.4203
2026-07-24,NEXT,-0.11055,7.08
2026-07-24,NVCR,-0.0998,17.995
2026-07-24,MWH,-0.09307,27.14
2026-07-24,CSIQ,-0.0919,13.34
2026-07-24,EROC,-0.09053,10.85
2026-07-24,ARQQ,-0.08556,16.78
2026-07-24,SLS,-0.08549,11.285
2026-07-24,FRVO,-0.08495,24.13
2026-07-24,PENG,-0.08492,53.45
2026-07-24,ORCX,-0.08026,13.98
2026-07-27,MSTZ,-0.15273,10.845
2026-07-27,VG,-0.10862,12.7498
2026-07-27,SHAZ,-0.10789,57.889
2026-07-27,UCO,-0.09162,39.905
2026-07-27,NEXT,-0.08565,6.405
2026-07-27,PUMP,-0.08305,10.82
2026-07-28,REPL,-0.39397,5.23
2026-07-28,SHAZ,-0.22317,45.67
2026-07-28,MTRN,-0.13543,209.0696
2026-07-28,MWH,-0.09907,25.28
2026-07-29,HIMZ,-0.30636,22.37
2026-07-29,IREX,-0.28035,8.24
2026-07-29,ONDL,-0.27891,5.3
2026-07-29,NBIL,-0.2654,13.12
2026-07-29,MNRO,-0.22103,13.3981
2026-07-29,LII,-0.21014,429.77
2026-07-29,DBD,-0.17895,74.51
2026-07-29,YSS,-0.17771,14.645
2026-07-29,RKLX,-0.1748,13.36
2026-07-29,IART,-0.16802,16.44
2026-07-29,QBTX,-0.16734,6.17
2026-07-29,ACHC,-0.16182,27.4
2026-07-29,INIO,-0.16056,22.01
2026-07-29,MEI,-0.12694,12.93
2026-07-29,ARQQ,-0.11624,15.51
2026-07-29,CECO,-0.11589,59.66
2026-07-29,ODD,-0.11537,15.0299
2026-07-29,VOYG,-0.11345,22.74
2026-07-29,BMNU,-0.11319,9.48
2026-07-29,EROC,-0.1099,8.99
2026-07-29,CBRS,-0.10881,171.7499
2026-07-29,CRCG,-0.10836,7.57
2026-07-29,GHM,-0.10812,89.0279
2026-07-29,DFEN,-0.10734,72.29
2026-07-29,NAIL,-0.10561,40.0507
2026-07-29,SPAX,-0.10189,6.17
2026-07-29,VELO,-0.10169,8.48
2026-07-29,APPX,-0.09134,22.88
2026-07-29,FIGR,-0.09111,25.04
2026-07-29,PWP,-0.09029,14.6693
2026-07-29,AVAV,-0.0898,142.31
2026-07-29,SMCI,-0.08735,25.965
2026-07-29,GRRR,-0.08498,10.66
2026-07-29,PSIX,-0.08423,25.55
2026-07-29,ADTN,-0.08335,8.259
2026-07-29,VSH,-0.08277,30.0102
2026-07-29,EQPT,-0.08221,17.75
2026-07-29,KRMN,-0.08034,45.56
2026-07-30,IREZ,-0.55303,17.53
2026-07-30,MUZ,-0.36443,12.33
2026-07-30,TDOC,-0.29357,6.485
2026-07-30,ASTN,-0.1988,6.69
2026-07-30,SONO,-0.19378,14.125
2026-07-30,BMNZ,-0.18703,13.0401
2026-07-30,FICO,-0.17482,1133.035
2026-07-30,GDXD,-0.12666,44.75
2026-07-30,UVIX,-0.12354,59.31
2026-07-31,WU,-0.18072,6.2999
2026-07-31,BTSG,-0.17522,60.11
2026-07-31,FRMI,-0.14562,5.75
2026-07-31,BFLY,-0.12852,7.12
2026-07-31,BOT,-0.12071,25.86
2026-07-31,JLHL,-0.10714,6.25
2026-07-31,FMC,-0.09552,10.7
2026-07-31,LCID,-0.09483,7.35
2026-07-31,MNRO,-0.08669,12.2807
2026-08-03,LITZ,-0.17718,13.7
2026-08-03,FNGD,-0.08702,31.37
2026-08-03,SG,-0.0845,5.905
2026-08-04,PLTZ,-0.58313,11.9851
2026-08-04,DFNS,-0.29301,43.48
2026-08-04,BRKR,-0.2146,50.5102
2026-08-04,SMCZ,-0.21348,5.6
2026-08-04,CTRI,-0.20585,22.125
2026-08-04,CIFR,-0.15708,20.365
2026-08-04,TECS,-0.15604,60.5553
2026-08-04,LABD,-0.09535,8.4047
2026-08-04,CMG,-0.09343,33.96
2026-08-04,BHC,-0.08286,6.42
2026-08-05,AMIX,-0.39911,11.7174
2026-08-05,LMB,-0.35209,49.96
2026-08-05,SEDG,-0.28097,35.06
2026-08-05,SPCU,-0.2682,7.64
2026-08-05,LABX,-0.23235,13.595
2026-08-05,TYRA,-0.2075,25.78
2026-08-05,CC,-0.18172,14.6704
2026-08-05,PARR,-0.14319,71.115
2026-08-05,YSS,-0.14108,13.15
2026-08-05,VEEE,-0.1242,9.625
2026-08-05,TSEM,-0.10468,214.455
2026-08-05,ATEX,-0.09652,96.085
2026-08-05,TRI,-0.09185,99.1228
2026-08-05,ADTN,-0.08904,7.98
2026-08-05,RSI,-0.08348,26.02
2026-08-06,APPX,-0.40224,14.95
2026-08-06,TRIP,-0.27127,10.195
2026-08-06,NBIG,-0.25608,14.06
2026-08-06,FCUV,-0.19115,8.2584
2026-08-06,BROS,-0.18875,53.275
2026-08-06,COLL,-0.18439,29.15
2026-08-06,VISN,-0.18097,10.114
2026-08-06,PZZA,-0.17966,24.405
2026-08-06,AGL,-0.17798,88.655
2026-08-06,YSS,-0.16312,11.005
2026-08-06,PTON,-0.16181,5.465
2026-08-06,DAVE,-0.15836,362.0401
2026-08-06,FUBO,-0.15525,9.005
2026-08-06,AXON,-0.15136,517.24
2026-08-06,FSLY,-0.13139,22.61
2026-08-06,VYX,-0.12342,8.345
2026-08-06,HPP,-0.09017,13.6201
2026-08-06,AHCO,-0.0893,5.915
2026-08-06,MUX,-0.08676,18.0
2026-08-06,ROCK,-0.08011,50.465
2026-08-07,FCUV,-0.38672,5.035
2026-08-07,SNK,-0.29063,21.87
2026-08-07,LASR,-0.24801,56.73
2026-08-07,PLTZ,-0.19339,10.365
2026-08-07,IREZ,-0.13805,12.8
2026-08-07,UPC,-0.10657,5.575
2026-08-10,AXTX,-0.32829,9.995
2026-08-10,LINC,-0.24152,31.09
2026-08-10,BTDR,-0.18061,8.915
2026-08-10,HELP,-0.14686,9.905
2026-08-10,DRIP,-0.11642,39.8491
2026-08-10,ODD,-0.10205,12.679
2026-08-10,YSS,-0.09334,10.345
2026-08-10,LASR,-0.08409,51.4332
2026-08-10,XE,-0.08057,20.825
2026-08-11,CDNL,-0.35058,38.965
2026-08-11,UPC,-0.19041,5.74
2026-08-11,NUTX,-0.18227,161.51
2026-08-11,WVE,-0.1598,5.1
2026-08-11,APPX,-0.11715,13.64
2026-08-11,AGL,-0.09888,87.21
2026-08-11,MB,-0.08824,6.2
2026-08-11,UAA,-0.0879,5.354
2026-08-11,APPS,-0.0827,13.2
2026-08-11,ORCX,-0.08159,21.5
2026-08-12,NBIZ,-0.62902,6.11
2026-08-12,FRVO,-0.17211,20.01
2026-08-12,FCUV,-0.11332,5.3201
2026-08-12,LQDA,-0.10278,79.0
2026-08-12,WRD,-0.09874,5.705
2026-08-12,GRAL,-0.08559,69.02
2026-08-12,APPX,-0.08352,12.455
2026-08-13,AOSL,-0.17668,29.87
2026-08-13,TSAT,-0.15187,52.075
2026-08-13,FRMI,-0.13289,6.59
2026-08-13,PLTZ,-0.10058,9.255
2026-08-13,LQDA,-0.08123,72.39
2026-08-14,BLSH,-0.1099,24.46
2026-08-14,BETR,-0.1,13.5
2026-08-14,MB,-0.09468,5.45
2026-08-17,RDTL,-0.14018,16.07
2026-08-17,STUB,-0.12251,7.0901
2026-08-17,ONT,-0.08825,16.065
2026-08-17,GENI,-0.08592,7.66
2026-08-17,GRRR,-0.08369,15.0
2026-08-17,AMIX,-0.08321,6.28
2026-08-18,AAOX,-0.29303,18.155
2026-08-18,KLAR,-0.22501,15.12
2026-08-18,EROC,-0.12328,15.255
2026-08-18,QBTX,-0.11988,8.59
2026-08-18,WYFI,-0.10811,27.069
2026-08-18,ALGM,-0.10633,39.545
2026-08-18,UPC,-0.0917,5.25
2026-08-18,MSTX,-0.09065,7.8113
2026-08-18,EQPT,-0.08819,19.54
2026-08-18,HYMC,-0.08739,24.02
2026-08-18,AIRJ,-0.08606,5.31
2026-08-18,FBL,-0.08407,18.6301
2026-08-18,DIOD,-0.08247,98.69
2026-08-18,MTRN,-0.08104,264.4703
2026-08-18,JBL,-0.08097,339.94
2026-08-18,RDTL,-0.0806,14.6
2026-08-19,IPST,-0.47716,8.2399
2026-08-19,AXTX,-0.20687,9.24
2026-08-19,ETHD,-0.19432,45.8256
2026-08-19,LABD,-0.17565,5.9351
2026-08-19,BOXL,-0.17305,6.26
2026-08-19,AAOX,-0.14007,15.41
2026-08-19,WDCX,-0.13729,18.6
2026-08-19,FSLY,-0.10305,23.85
2026-08-19,VOYG,-0.09115,38.39
2026-08-19,SITM,-0.08632,621.36
2026-08-19,ZSL,-0.0847,23.4499
2026-08-19,RDTL,-0.08101,13.5
2026-08-20,MRNX,-0.5065,69.9
2026-08-20,PFSA,-0.43994,7.6
2026-08-20,SPRY,-0.13245,5.535
2026-08-20,LITZ,-0.12711,8.79
2026-08-20,AMRC,-0.12071,22.29
2026-08-20,AMIX,-0.12014,5.2
2026-08-20,ONT,-0.11402,14.725
2026-08-20,EROC,-0.11281,12.74
2026-08-20,DFEN,-0.10666,72.3
2026-08-20,BIOA,-0.10372,9.635
2026-08-20,SION,-0.0832,5.73
2026-08-20,RH,-0.08178,156.07
2026-08-20,CADL,-0.0817,12.3971
2026-08-21,CIFU,-0.18428,9.65
2026-08-21,BABX,-0.16902,20.4837
2026-08-21,TSLZ,-0.11636,12.15
2026-08-21,SWMR,-0.1015,41.25
2026-08-21,DQ,-0.09613,13.54
2026-08-21,IPST,-0.09602,9.32
2026-08-21,GDXD,-0.09252,15.4
2026-08-21,SA,-0.09197,30.21
2026-08-21,IOVA,-0.08398,8.235
2026-08-24,DFNS,-0.45997,11.13
2026-08-24,IONL,-0.16079,14.149
2026-08-24,INOD,-0.10466,57.49
2026-08-24,AEVA,-0.10005,16.46
2026-08-24,FRVO,-0.08983,15.4
2026-08-24,HOOG,-0.08764,29.15
2026-08-24,TEM,-0.08371,66.605
2026-08-25,DKS,-0.29885,125.7435
2026-08-25,TNON,-0.1046,5.65
2026-08-25,DY,-0.08319,349.26
2026-08-26,GENB,-0.20559,16.19
2026-08-26,QBTX,-0.18681,6.66
2026-08-26,IRE,-0.12418,9.38
2026-08-26,ABTC,-0.1131,8.195
2026-08-26,AMIX,-0.09944,6.475
2026-08-26,FIGR,-0.09601,37.19
2026-08-26,MNRO,-0.09327,12.658
2026-08-26,CLYM,-0.088,16.27
2026-08-26,RDTL,-0.0829,14.05
2026-08-26,TNON,-0.08096,5.165
2026-08-27,WETO,-0.30671,11.98
2026-08-27,PAY,-0.09866,35.54
2026-08-27,PLTZ,-0.09703,8.4699
2026-08-27,TECS,-0.08663,59.5036
2026-08-28,AXTX,-0.24326,5.615
2026-08-28,ONDL,-0.19231,6.51
2026-08-28,CIFU,-0.19217,8.87
2026-08-28,HIMZ,-0.19152,26.785
2026-08-28,BRUN,-0.17957,16.909
2026-08-28,APLX,-0.16524,7.78
2026-08-28,CRCA,-0.15515,21.757
2026-08-28,SHAZ,-0.13849,51.01
2026-08-28,SLS,-0.1259,13.295
2026-08-28,RBRK,-0.12124,94.045
2026-08-28,CRML,-0.12002,7.075
2026-08-28,ARMG,-0.11528,15.7528
2026-08-28,CLRO,-0.11054,5.3101
2026-08-28,KLRA,-0.10092,16.66
2026-08-28,SWMR,-0.10079,32.83
2026-08-28,SHNY,-0.0984,10.17
2026-08-28,RIOT,-0.09459,18.905
2026-08-28,NVDU,-0.09199,133.9982
2026-08-28,DOCN,-0.09155,110.54
2026-08-28,DUOT,-0.09078,9.365
2026-08-28,NVTS,-0.08993,11.385
2026-08-28,ALOY,-0.08932,10.4
2026-08-28,VISN,-0.08522,6.065
2026-08-28,BKKT,-0.08314,7.72
2026-08-28,AMA,-0.08051,21.5
2026-08-31,APMD,-0.12942,25.865
2026-08-31,CONI,-0.12246,28.09
2026-08-31,LPTH,-0.10508,10.05
2026-08-31,TSDD,-0.10116,7.9098
2026-08-31,KRMN,-0.08449,41.72
2026-08-31,CRDU,-0.08093,13.4
2026-08-31,GCT,-0.08064,48.68
2026-09-01,ONDL,-0.16804,5.05
2026-09-01,ENOV,-0.14965,20.91
2026-09-01,DLLL,-0.13593,21.74
2026-09-01,BETR,-0.11633,12.23
2026-09-01,GDXU,-0.11233,143.065
2026-09-01,RPD,-0.1055,12.04
2026-09-01,IE,-0.09629,9.995
2026-09-01,RFAI,-0.09323,39.0001
2026-09-02,PSQL,-0.15746,13.11
2026-09-02,IREZ,-0.15229,11.3
2026-09-02,CBRZ,-0.13168,10.88
2026-09-02,NOWL,-0.08203,7.61
2026-09-03,PSQL,-0.19442,9.82
2026-09-03,GDXD,-0.11751,15.32
2026-09-03,SBIT,-0.10919,32.96
2026-09-03,CIEN,-0.10876,315.64
2026-09-03,CXM,-0.09856,6.265
2026-09-04,SNDQ,-0.22008,12.0575
2026-09-04,ABTC,-0.1531,7.91
2026-09-04,BEZ,-0.13793,7.25
2026-09-04,IREZ,-0.13039,8.87
2026-09-04,NBIZ,-0.11955,6.26
2026-09-04,NFXL,-0.10206,18.0007
2026-09-04,PLTU,-0.09369,49.4392
2026-09-08,GPCR,-0.14618,40.42
2026-09-08,LABX,-0.12253,10.67
2026-09-08,CRCG,-0.12014,17.0605
2026-09-08,CNXC,-0.10852,28.67
2026-09-08,STDN,-0.10136,13.21
2026-09-08,MEI,-0.09305,14.23
2026-09-08,SNK,-0.08371,14.34
2026-09-09,BRZE,-0.21412,23.82
2026-09-09,RFAI,-0.21355,32.685
2026-09-09,SKDD,-0.1468,6.4192
2026-09-09,LIME,-0.10322,33.71
2026-09-09,XE,-0.10292,17.179
2026-09-09,CRWU,-0.10124,42.7
2026-09-09,BBNX,-0.09803,17.435
2026-09-09,RUM,-0.09714,7.575
2026-09-09,ASTX,-0.09212,11.3122
2026-09-09,FRVO,-0.0919,17.163
2026-09-09,KLRA,-0.0913,14.93
2026-09-09,CIFR,-0.08671,16.905
2026-09-09,YSS,-0.08399,8.18
2026-09-09,CHTR,-0.08378,133.53
2026-09-09,FLNC,-0.08087,10.1472
2026-09-09,CDNL,-0.08085,35.13
2026-09-09,AGX,-0.08027,401.72
2026-09-10,REAX,-0.11602,18.325
2026-09-10,KORU,-0.11591,21.395
2026-09-10,AXTX,-0.11551,6.5275
2026-09-10,AGQ,-0.11007,74.9501
2026-09-10,TGB,-0.1047,7.995
2026-09-10,VCX,-0.10309,33.715
2026-09-10,BIAF,-0.10286,9.42
2026-09-10,COAG,-0.1018,39.97
2026-09-10,ORCU,-0.09734,8.4404
2026-09-10,ALM,-0.09083,16.665
2026-09-10,APLX,-0.0905,8.04
2026-09-10,DLLL,-0.08167,30.654
2026-09-11,OKLL,-0.18299,9.51
2026-09-11,BIAF,-0.15016,7.98
2026-09-11,SLS,-0.13936,11.61
2026-09-11,ASM,-0.0948,6.445
2026-09-14,XHLD,-0.30168,8.75
2026-09-14,GLWG,-0.28068,11.6099
2026-09-14,LABX,-0.21172,8.34
2026-09-14,SWMR,-0.18919,32.1
2026-09-14,AEHL,-0.18438,6.37
2026-09-14,BAND,-0.13258,49.33
2026-09-14,BRUN,-0.12538,14.545
2026-09-14,SITM,-0.11859,560.275
2026-09-14,PBF,-0.09706,70.7
2026-09-14,SWKS,-0.0954,79.9214
2026-09-14,CIEN,-0.08647,319.315
2026-09-14,SMST,-0.08631,19.69
2026-09-14,FRMI,-0.08273,5.045
2026-09-14,PLTZ,-0.08185,9.255
2026-09-15,XRPT,-0.22909,29.5436
2026-09-15,PLAY,-0.19361,6.8301
2026-09-15,FWDI,-0.13165,6.035
2026-09-15,RIOX,-0.12724,22.6
2026-09-15,ASMB,-0.11533,25.62
2026-09-15,BLMN,-0.10831,7.945
2026-09-15,FTH,-0.09926,35.21
2026-09-15,VYX,-0.09383,7.485
2026-09-15,ALMS,-0.09111,8.38
2026-09-15,DFNS,-0.08776,8.42
2026-09-16,BIAF,-0.18082,5.21
2026-09-16,ALHC,-0.17406,8.565
2026-09-16,RCAT,-0.11551,7.045
2026-09-16,BULL,-0.1097,7.71
2026-09-17,VEEA,-0.1541,5.16
2026-09-18,SMST,-0.32212,13.91
2026-09-18,XENE,-0.31473,39.3
2026-09-18,NCT,-0.2758,6.21
2026-09-18,ETHD,-0.16257,25.55
2026-09-18,AAOZ,-0.13551,13.11
2026-09-18,IREZ,-0.11955,7.88
2026-09-18,BEG,-0.09534,48.11
2026-09-18,NNE,-0.08544,15.52
